country,year,population,cement_co2,cement_co2_per_capita,co2,co2_growth_abs,co2_growth_prct,co2_per_capita,co2_per_gdp,co2_per_unit_energy,coal_co2,coal_co2_per_capita,consumption_co2,consumption_co2_per_capita,consumption_co2_per_gdp,cumulative_cement_co2,cumulative_co2,cumulative_coal_co2,cumulative_flaring_co2,cumulative_gas_co2,cumulative_oil_co2,cumulative_other_co2,energy_per_capita,energy_per_gdp,flaring_co2,flaring_co2_per_capita,gas_co2,gas_co2_per_capita,ghg_excluding_lucf_per_capita,ghg_per_capita,methane,methane_per_capita,nitrous_oxide,nitrous_oxide_per_capita,oil_co2,oil_co2_per_capita,other_co2_per_capita,other_industry_co2,primary_energy_consumption,share_global_cement_co2,share_global_co2,share_global_coal_co2,share_global_cumulative_cement_co2,share_global_cumulative_co2,share_global_cumulative_coal_co2,share_global_cumulative_flaring_co2,share_global_cumulative_gas_co2,share_global_cumulative_oil_co2,share_global_cumulative_other_co2,share_global_flaring_co2,share_global_gas_co2,share_global_oil_co2,share_global_other_co2,total_ghg,total_ghg_excluding_lucf,trade_co2,trade_co2_share
World,1750,745664504,0,0,9.351,0,0,0.013,0,0,9.351,0.013,0,0,0,0,9.351,9.351,0,0,0,0,0,0,0,0,0,0,0,0,0,0,0,0,0,0,0,0,0,0,100,100,0,100,100,0,0,0,0,0,0,0,0,0,0,0,0
World,1751,0,0,0,9.351,0,0,0,0,0,9.351,0,0,0,0,0,18.701,18.701,0,0,0,0,0,0,0,0,0,0,0,0,0,0,0,0,0,0,0,0,0,0,100,100,0,100,100,0,0,0,0,0,0,0,0,0,0,0,0
World,1752,0,0,0,9.354,0.004,0.04,0,0,0,9.354,0,0,0,0,0,28.055,28.055,0,0,0,0,0,0,0,0,0,0,0,0,0,0,0,0,0,0,0,0,0,0,100,100,0,100,100,0,0,0,0,0,0,0,0,0,0,0,0
World,1753,0,0,0,9.354,0,0,0,0,0,9.354,0,0,0,0,0,37.409,37.409,0,0,0,0,0,0,0,0,0,0,0,0,0,0,0,0,0,0,0,0,0,0,100,100,0,100,100,0,0,0,0,0,0,0,0,0,0,0,0
World,1754,0,0,0,9.358,0.004,0.04,0,0,0,9.358,0,0,0,0,0,46.767,46.767,0,0,0,0,0,0,0,0,0,0,0,0,0,0,0,0,0,0,0,0,0,0,100,100,0,100,100,0,0,0,0,0,0,0,0,0,0,0,0
World,1755,0,0,0,9.362,0.004,0.04,0,0,0,9.362,0,0,0,0,0,56.129,56.129,0,0,0,0,0,0,0,0,0,0,0,0,0,0,0,0,0,0,0,0,0,0,100,100,0,100,100,0,0,0,0,0,0,0,0,0,0,0,0
World,1756,0,0,0,10.006,0.645,6.89,0,0,0,10.006,0,0,0,0,0,66.135,66.135,0,0,0,0,0,0,0,0,0,0,0,0,0,0,0,0,0,0,0,0,0,0,100,100,0,100,100,0,0,0,0,0,0,0,0,0,0,0,0
World,1757,0,0,0,10.01,0.004,0.04,0,0,0,10.01,0,0,0,0,0,76.145,76.145,0,0,0,0,0,0,0,0,0,0,0,0,0,0,0,0,0,0,0,0,0,0,100,100,0,100,100,0,0,0,0,0,0,0,0,0,0,0,0
World,1758,0,0,0,10.014,0.004,0.04,0,0,0,10.014,0,0,0,0,0,86.159,86.159,0,0,0,0,0,0,0,0,0,0,0,0,0,0,0,0,0,0,0,0,0,0,100,100,0,100,100,0,0,0,0,0,0,0,0,0,0,0,0
World,1759,0,0,0,10.017,0.004,0.04,0,0,0,10.017,0,0,0,0,0,96.176,96.176,0,0,0,0,0,0,0,0,0,0,0,0,0,0,0,0,0,0,0,0,0,0,100,100,0,100,100,0,0,0,0,0,0,0,0,0,0,0,0
World,1760,779892249,0,0,10.017,0,0,0.013,0,0,10.017,0.013,0,0,0,0,106.194,106.194,0,0,0,0,0,0,0,0,0,0,0,0,0,0,0,0,0,0,0,0,0,0,100,100,0,100,100,0,0,0,0,0,0,0,0,0,0,0,0
World,1761,0,0,0,10.974,0.956,9.55,0,0,0,10.974,0,0,0,0,0,117.167,117.167,0,0,0,0,0,0,0,0,0,0,0,0,0,0,0,0,0,0,0,0,0,0,100,100,0,100,100,0,0,0,0,0,0,0,0,0,0,0,0
World,1762,0,0,0,10.977,0.004,0.03,0,0,0,10.977,0,0,0,0,0,128.145,128.145,0,0,0,0,0,0,0,0,0,0,0,0,0,0,0,0,0,0,0,0,0,0,100,100,0,100,100,0,0,0,0,0,0,0,0,0,0,0,0
World,1763,0,0,0,10.981,0.004,0.03,0,0,0,10.981,0,0,0,0,0,139.126,139.126,0,0,0,0,0,0,0,0,0,0,0,0,0,0,0,0,0,0,0,0,0,0,100,100,0,100,100,0,0,0,0,0,0,0,0,0,0,0,0
World,1764,0,0,0,10.985,0.004,0.03,0,0,0,10.985,0,0,0,0,0,150.11,150.11,0,0,0,0,0,0,0,0,0,0,0,0,0,0,0,0,0,0,0,0,0,0,100,100,0,100,100,0,0,0,0,0,0,0,0,0,0,0,0
World,1765,0,0,0,10.988,0.004,0.03,0,0,0,10.988,0,0,0,0,0,161.099,161.099,0,0,0,0,0,0,0,0,0,0,0,0,0,0,0,0,0,0,0,0,0,0,100,100,0,100,100,0,0,0,0,0,0,0,0,0,0,0,0
World,1766,0,0,0,12.26,1.271,11.57,0,0,0,12.26,0,0,0,0,0,173.358,173.358,0,0,0,0,0,0,0,0,0,0,0,0,0,0,0,0,0,0,0,0,0,0,100,100,0,100,100,0,0,0,0,0,0,0,0,0,0,0,0
World,1767,0,0,0,12.263,0.004,0.03,0,0,0,12.263,0,0,0,0,0,185.622,185.622,0,0,0,0,0,0,0,0,0,0,0,0,0,0,0,0,0,0,0,0,0,0,100,100,0,100,100,0,0,0,0,0,0,0,0,0,0,0,0
World,1768,0,0,0,12.267,0.004,0.03,0,0,0,12.267,0,0,0,0,0,197.889,197.889,0,0,0,0,0,0,0,0,0,0,0,0,0,0,0,0,0,0,0,0,0,0,100,100,0,100,100,0,0,0,0,0,0,0,0,0,0,0,0
World,1769,0,0,0,12.271,0.004,0.03,0,0,0,12.271,0,0,0,0,0,210.16,210.16,0,0,0,0,0,0,0,0,0,0,0,0,0,0,0,0,0,0,0,0,0,0,100,100,0,100,100,0,0,0,0,0,0,0,0,0,0,0,0
World,1770,818828314,0,0,12.274,0.004,0.03,0.015,0,0,12.274,0.015,0,0,0,0,222.434,222.434,0,0,0,0,0,0,0,0,0,0,0,0,0,0,0,0,0,0,0,0,0,0,100,100,0,100,100,0,0,0,0,0,0,0,0,0,0,0,0
World,1771,0,0,0,13.612,1.337,10.9,0,0,0,13.612,0,0,0,0,0,236.046,236.046,0,0,0,0,0,0,0,0,0,0,0,0,0,0,0,0,0,0,0,0,0,0,100,100,0,100,100,0,0,0,0,0,0,0,0,0,0,0,0
World,1772,0,0,0,13.615,0.004,0.03,0,0,0,13.615,0,0,0,0,0,249.661,249.661,0,0,0,0,0,0,0,0,0,0,0,0,0,0,0,0,0,0,0,0,0,0,100,100,0,100,100,0,0,0,0,0,0,0,0,0,0,0,0
World,1773,0,0,0,13.619,0.004,0.03,0,0,0,13.619,0,0,0,0,0,263.28,263.28,0,0,0,0,0,0,0,0,0,0,0,0,0,0,0,0,0,0,0,0,0,0,100,100,0,100,100,0,0,0,0,0,0,0,0,0,0,0,0
World,1774,0,0,0,13.623,0.004,0.03,0,0,0,13.623,0,0,0,0,0,276.903,276.903,0,0,0,0,0,0,0,0,0,0,0,0,0,0,0,0,0,0,0,0,0,0,100,100,0,100,100,0,0,0,0,0,0,0,0,0,0,0,0
World,1775,0,0,0,13.626,0.004,0.03,0,0,0,13.626,0,0,0,0,0,290.53,290.53,0,0,0,0,0,0,0,0,0,0,0,0,0,0,0,0,0,0,0,0,0,0,100,100,0,100,100,0,0,0,0,0,0,0,0,0,0,0,0
World,1776,0,0,0,15.037,1.411,10.35,0,0,0,15.037,0,0,0,0,0,305.567,305.567,0,0,0,0,0,0,0,0,0,0,0,0,0,0,0,0,0,0,0,0,0,0,100,100,0,100,100,0,0,0,0,0,0,0,0,0,0,0,0
World,1777,0,0,0,15.041,0.004,0.02,0,0,0,15.041,0,0,0,0,0,320.607,320.607,0,0,0,0,0,0,0,0,0,0,0,0,0,0,0,0,0,0,0,0,0,0,100,100,0,100,100,0,0,0,0,0,0,0,0,0,0,0,0
World,1778,0,0,0,15.044,0.004,0.02,0,0,0,15.044,0,0,0,0,0,335.652,335.652,0,0,0,0,0,0,0,0,0,0,0,0,0,0,0,0,0,0,0,0,0,0,100,100,0,100,100,0,0,0,0,0,0,0,0,0,0,0,0
World,1779,0,0,0,15.048,0.004,0.02,0,0,0,15.048,0,0,0,0,0,350.7,350.7,0,0,0,0,0,0,0,0,0,0,0,0,0,0,0,0,0,0,0,0,0,0,100,100,0,100,100,0,0,0,0,0,0,0,0,0,0,0,0
World,1780,891049119,0,0,15.055,0.007,0.05,0.017,0,0,15.055,0.017,0,0,0,0,365.755,365.755,0,0,0,0,0,0,0,0,0,0,0,0,0,0,0,0,0,0,0,0,0,0,100,100,0,100,100,0,0,0,0,0,0,0,0,0,0,0,0
World,1781,0,0,0,16.843,1.788,11.88,0,0,0,16.843,0,0,0,0,0,382.599,382.599,0,0,0,0,0,0,0,0,0,0,0,0,0,0,0,0,0,0,0,0,0,0,100,100,0,100,100,0,0,0,0,0,0,0,0,0,0,0,0
World,1782,0,0,0,16.847,0.004,0.02,0,0,0,16.847,0,0,0,0,0,399.446,399.446,0,0,0,0,0,0,0,0,0,0,0,0,0,0,0,0,0,0,0,0,0,0,100,100,0,100,100,0,0,0,0,0,0,0,0,0,0,0,0
World,1783,0,0,0,16.854,0.007,0.04,0,0,0,16.854,0,0,0,0,0,416.3,416.3,0,0,0,0,0,0,0,0,0,0,0,0,0,0,0,0,0,0,0,0,0,0,100,100,0,100,100,0,0,0,0,0,0,0,0,0,0,0,0
World,1784,0,0,0,16.858,0.004,0.02,0,0,0,16.858,0,0,0,0,0,433.158,433.158,0,0,0,0,0,0,0,0,0,0,0,0,0,0,0,0,0,0,0,0,0,0,100,100,0,100,100,0,0,0,0,0,0,0,0,0,0,0,0
World,1785,0,0,0,16.869,0.011,0.07,0,0,0,16.869,0,0,0,0,0,450.027,450.027,0,0,0,0,0,0,0,0,0,0,0,0,0,0,0,0,0,0,0,0,0,0,100,100,0,100,100,0,0,0,0,0,0,0,0,0,0,0,0
World,1786,0,0,0,19.152,2.283,13.53,0,0,0,19.152,0,0,0,0,0,469.179,469.179,0,0,0,0,0,0,0,0,0,0,0,0,0,0,0,0,0,0,0,0,0,0,100,100,0,100,100,0,0,0,0,0,0,0,0,0,0,0,0
World,1787,0,0,0,19.159,0.007,0.04,0,0,0,19.159,0,0,0,0,0,488.338,488.338,0,0,0,0,0,0,0,0,0,0,0,0,0,0,0,0,0,0,0,0,0,0,100,100,0,100,100,0,0,0,0,0,0,0,0,0,0,0,0
World,1788,0,0,0,19.163,0.004,0.02,0,0,0,19.163,0,0,0,0,0,507.501,507.501,0,0,0,0,0,0,0,0,0,0,0,0,0,0,0,0,0,0,0,0,0,0,100,100,0,100,100,0,0,0,0,0,0,0,0,0,0,0,0
World,1789,0,0,0,19.17,0.007,0.04,0,0,0,19.17,0,0,0,0,0,526.671,526.671,0,0,0,0,0,0,0,0,0,0,0,0,0,0,0,0,0,0,0,0,0,0,100,100,0,100,100,0,0,0,0,0,0,0,0,0,0,0,0
World,1790,931578147,0,0,19.177,0.007,0.04,0.021,0,0,19.177,0.021,0,0,0,0,545.848,545.848,0,0,0,0,0,0,0,0,0,0,0,0,0,0,0,0,0,0,0,0,0,0,100,100,0,100,100,0,0,0,0,0,0,0,0,0,0,0,0
World,1791,0,0,0,21.42,2.242,11.69,0,0,0,21.42,0,0,0,0,0,567.268,567.268,0,0,0,0,0,0,0,0,0,0,0,0,0,0,0,0,0,0,0,0,0,0,100,100,0,100,100,0,0,0,0,0,0,0,0,0,0,0,0
World,1792,0,0,0,21.896,0.476,2.22,0,0,0,21.896,0,0,0,0,0,589.164,589.164,0,0,0,0,0,0,0,0,0,0,0,0,0,0,0,0,0,0,0,0,0,0,100,100,0,100,100,0,0,0,0,0,0,0,0,0,0,0,0
World,1793,0,0,0,21.914,0.018,0.08,0,0,0,21.914,0,0,0,0,0,611.078,611.078,0,0,0,0,0,0,0,0,0,0,0,0,0,0,0,0,0,0,0,0,0,0,100,100,0,100,100,0,0,0,0,0,0,0,0,0,0,0,0
World,1794,0,0,0,21.881,-0.033,-0.15,0,0,0,21.881,0,0,0,0,0,632.96,632.96,0,0,0,0,0,0,0,0,0,0,0,0,0,0,0,0,0,0,0,0,0,0,100,100,0,100,100,0,0,0,0,0,0,0,0,0,0,0,0
World,1795,0,0,0,21.892,0.011,0.05,0,0,0,21.892,0,0,0,0,0,654.852,654.852,0,0,0,0,0,0,0,0,0,0,0,0,0,0,0,0,0,0,0,0,0,0,100,100,0,100,100,0,0,0,0,0,0,0,0,0,0,0,0
World,1796,0,0,0,22.951,1.059,4.84,0,0,0,22.951,0,0,0,0,0,677.803,677.803,0,0,0,0,0,0,0,0,0,0,0,0,0,0,0,0,0,0,0,0,0,0,100,100,0,100,100,0,0,0,0,0,0,0,0,0,0,0,0
World,1797,0,0,0,24.094,1.143,4.98,0,0,0,24.094,0,0,0,0,0,701.898,701.898,0,0,0,0,0,0,0,0,0,0,0,0,0,0,0,0,0,0,0,0,0,0,100,100,0,100,100,0,0,0,0,0,0,0,0,0,0,0,0
World,1798,0,0,0,25.095,1,4.15,0,0,0,25.095,0,0,0,0,0,726.993,726.993,0,0,0,0,0,0,0,0,0,0,0,0,0,0,0,0,0,0,0,0,0,0,100,100,0,100,100,0,0,0,0,0,0,0,0,0,0,0,0
World,1799,0,0,0,26.428,1.334,5.31,0,0,0,26.428,0,0,0,0,0,753.421,753.421,0,0,0,0,0,0,0,0,0,0,0,0,0,0,0,0,0,0,0,0,0,0,100,100,0,100,100,0,0,0,0,0,0,0,0,0,0,0,0
World,1800,984741159,0,0,28.092,1.663,6.29,0.029,0,0,28.092,0.029,0,0,0,0,781.513,781.513,0,0,0,0,0,0,0,0,0,0,0,0,0,0,0,0,0,0,0,0,0,0,100,100,0,100,100,0,0,0,0,0,0,0,0,0,0,0,0
World,1801,987628322,0,0,27.96,-0.132,-0.47,0.028,0,0,27.96,0.028,0,0,0,0,809.473,809.473,0,0,0,0,0,0,0,0,0,0,0,0,0,0,0,0,0,0,0,0,0,0,100,100,0,100,100,0,0,0,0,0,0,0,0,0,0,0,0
World,1802,991098738,0,0,36.783,8.823,31.56,0.037,0,0,36.783,0.037,0,0,0,0,846.256,846.256,0,0,0,0,0,0,0,0,0,0,0,0,0,0,0,0,0,0,0,0,0,0,100,100,0,100,100,0,0,0,0,0,0,0,0,0,0,0,0
World,1803,994610260,0,0,31.488,-5.294,-14.39,0.032,0,0,31.488,0.032,0,0,0,0,877.744,877.744,0,0,0,0,0,0,0,0,0,0,0,0,0,0,0,0,0,0,0,0,0,0,100,100,0,100,100,0,0,0,0,0,0,0,0,0,0,0,0
World,1804,998163240,0,0,34.31,2.821,8.96,0.034,0,0,34.31,0.034,0,0,0,0,912.054,912.054,0,0,0,0,0,0,0,0,0,0,0,0,0,0,0,0,0,0,0,0,0,0,100,100,0,100,100,0,0,0,0,0,0,0,0,0,0,0,0
World,1805,1001758044,0,0,33.419,-0.89,-2.6,0.033,0,0,33.419,0.033,0,0,0,0,945.473,945.473,0,0,0,0,0,0,0,0,0,0,0,0,0,0,0,0,0,0,0,0,0,0,100,100,0,100,100,0,0,0,0,0,0,0,0,0,0,0,0
World,1806,1005395067,0,0,35.046,1.627,4.87,0.035,0,0,35.046,0.035,0,0,0,0,980.519,980.519,0,0,0,0,0,0,0,0,0,0,0,0,0,0,0,0,0,0,0,0,0,0,100,100,0,100,100,0,0,0,0,0,0,0,0,0,0,0,0
World,1807,1009074742,0,0,36.874,1.828,5.22,0.036,0,0,36.874,0.036,0,0,0,0,1017.394,1017.394,0,0,0,0,0,0,0,0,0,0,0,0,0,0,0,0,0,0,0,0,0,0,100,100,0,100,100,0,0,0,0,0,0,0,0,0,0,0,0
World,1808,1012797513,0,0,35.064,-1.81,-4.91,0.035,0,0,35.064,0.035,0,0,0,0,1052.458,1052.458,0,0,0,0,0,0,0,0,0,0,0,0,0,0,0,0,0,0,0,0,0,0,100,100,0,100,100,0,0,0,0,0,0,0,0,0,0,0,0
World,1809,1016563866,0,0,35.09,0.026,0.07,0.034,0,0,35.09,0.034,0,0,0,0,1087.548,1087.548,0,0,0,0,0,0,0,0,0,0,0,0,0,0,0,0,0,0,0,0,0,0,100,100,0,100,100,0,0,0,0,0,0,0,0,0,0,0,0
World,1810,1022630209,0,0,37.38,2.29,6.53,0.037,0,0,37.38,0.037,0,0,0,0,1124.929,1124.929,0,0,0,0,0,0,0,0,0,0,0,0,0,0,0,0,0,0,0,0,0,0,100,100,0,100,100,0,0,0,0,0,0,0,0,0,0,0,0
World,1811,1027487469,0,0,39.582,2.202,5.89,0.038,0,0,39.582,0.038,0,0,0,0,1164.511,1164.511,0,0,0,0,0,0,0,0,0,0,0,0,0,0,0,0,0,0,0,0,0,0,100,100,0,100,100,0,0,0,0,0,0,0,0,0,0,0,0
World,1812,1033631136,0,0,41.007,1.425,3.6,0.04,0,0,41.007,0.04,0,0,0,0,1205.518,1205.518,0,0,0,0,0,0,0,0,0,0,0,0,0,0,0,0,0,0,0,0,0,0,100,100,0,100,100,0,0,0,0,0,0,0,0,0,0,0,0
World,1813,1040443689,0,0,41.22,0.213,0.52,0.04,0,0,41.22,0.04,0,0,0,0,1246.738,1246.738,0,0,0,0,0,0,0,0,0,0,0,0,0,0,0,0,0,0,0,0,0,0,100,100,0,100,100,0,0,0,0,0,0,0,0,0,0,0,0
World,1814,1047427292,0,0,42.129,0.909,2.2,0.04,0,0,42.129,0.04,0,0,0,0,1288.867,1288.867,0,0,0,0,0,0,0,0,0,0,0,0,0,0,0,0,0,0,0,0,0,0,100,100,0,100,100,0,0,0,0,0,0,0,0,0,0,0,0
World,1815,1054586106,0,0,43.488,1.359,3.23,0.041,0,0,43.488,0.041,0,0,0,0,1332.355,1332.355,0,0,0,0,0,0,0,0,0,0,0,0,0,0,0,0,0,0,0,0,0,0,100,100,0,100,100,0,0,0,0,0,0,0,0,0,0,0,0
World,1816,1061924513,0,0,47.665,4.177,9.6,0.045,0,0,47.665,0.045,0,0,0,0,1380.02,1380.02,0,0,0,0,0,0,0,0,0,0,0,0,0,0,0,0,0,0,0,0,0,0,100,100,0,100,100,0,0,0,0,0,0,0,0,0,0,0,0
World,1817,1069447070,0,0,49.431,1.766,3.71,0.046,0,0,49.431,0.046,0,0,0,0,1429.451,1429.451,0,0,0,0,0,0,0,0,0,0,0,0,0,0,0,0,0,0,0,0,0,0,100,100,0,100,100,0,0,0,0,0,0,0,0,0,0,0,0
World,1818,1077158552,0,0,49.644,0.213,0.43,0.046,0,0,49.644,0.046,0,0,0,0,1479.094,1479.094,0,0,0,0,0,0,0,0,0,0,0,0,0,0,0,0,0,0,0,0,0,0,100,100,0,100,100,0,0,0,0,0,0,0,0,0,0,0,0
World,1819,1084757875,0,0,49.948,0.304,0.61,0.046,0,0,49.948,0.046,0,0,0,0,1529.042,1529.042,0,0,0,0,0,0,0,0,0,0,0,0,0,0,0,0,0,0,0,0,0,0,100,100,0,100,100,0,0,0,0,0,0,0,0,0,0,0,0
World,1820,1092947430,0,0,50.688,0.74,1.48,0.046,0.045,0,50.688,0.046,0,0,0,0,1579.73,1579.73,0,0,0,0,0,0,0,0,0,0,0,0,0,0,0,0,0,0,0,0,0,0,100,100,0,100,100,0,0,0,0,0,0,0,0,0,0,0,0
World,1821,1099331577,0,0,51.435,0.747,1.47,0.047,0,0,51.435,0.047,0,0,0,0,1631.165,1631.165,0,0,0,0,0,0,0,0,0,0,0,0,0,0,0,0,0,0,0,0,0,0,100,100,0,100,100,0,0,0,0,0,0,0,0,0,0,0,0
World,1822,1106253783,0,0,53.465,2.03,3.95,0.048,0,0,53.465,0.048,0,0,0,0,1684.63,1684.63,0,0,0,0,0,0,0,0,0,0,0,0,0,0,0,0,0,0,0,0,0,0,100,100,0,100,100,0,0,0,0,0,0,0,0,0,0,0,0
World,1823,1113514792,0,0,56.55,3.085,5.77,0.051,0,0,56.55,0.051,0,0,0,0,1741.18,1741.18,0,0,0,0,0,0,0,0,0,0,0,0,0,0,0,0,0,0,0,0,0,0,100,100,0,100,100,0,0,0,0,0,0,0,0,0,0,0,0
World,1824,1120876169,0,0,58.525,1.975,3.49,0.052,0,0,58.525,0.052,0,0,0,0,1799.705,1799.705,0,0,0,0,0,0,0,0,0,0,0,0,0,0,0,0,0,0,0,0,0,0,100,100,0,100,100,0,0,0,0,0,0,0,0,0,0,0,0
World,1825,1128342960,0,0,60.756,2.231,3.81,0.054,0,0,60.756,0.054,0,0,0,0,1860.462,1860.462,0,0,0,0,0,0,0,0,0,0,0,0,0,0,0,0,0,0,0,0,0,0,100,100,0,100,100,0,0,0,0,0,0,0,0,0,0,0,0
World,1826,1135961188,0,0,61.42,0.663,1.09,0.054,0,0,61.42,0.054,0,0,0,0,1921.882,1921.882,0,0,0,0,0,0,0,0,0,0,0,0,0,0,0,0,0,0,0,0,0,0,100,100,0,100,100,0,0,0,0,0,0,0,0,0,0,0,0
World,1827,1143684846,0,0,65.915,4.496,7.32,0.058,0,0,65.915,0.058,0,0,0,0,1987.797,1987.797,0,0,0,0,0,0,0,0,0,0,0,0,0,0,0,0,0,0,0,0,0,0,100,100,0,100,100,0,0,0,0,0,0,0,0,0,0,0,0
World,1828,1151515422,0,0,66.637,0.722,1.1,0.058,0,0,66.637,0.058,0,0,0,0,2054.434,2054.434,0,0,0,0,0,0,0,0,0,0,0,0,0,0,0,0,0,0,0,0,0,0,100,100,0,100,100,0,0,0,0,0,0,0,0,0,0,0,0
World,1829,1158898384,0,0,66.395,-0.242,-0.36,0.057,0,0,66.395,0.057,0,0,0,0,2120.829,2120.829,0,0,0,0,0,0,0,0,0,0,0,0,0,0,0,0,0,0,0,0,0,0,100,100,0,100,100,0,0,0,0,0,0,0,0,0,0,0,0
World,1830,1166619866,0,0,89.123,22.728,34.23,0.076,0,0,89.123,0.076,0,0,0,0,2209.952,2209.952,0,0,0,0,0,0,0,0,0,0,0,0,0,0,0,0,0,0,0,0,0,0,100,100,0,100,100,0,0,0,0,0,0,0,0,0,0,0,0
World,1831,1172266726,0,0,84.528,-4.595,-5.16,0.072,0,0,84.528,0.072,0,0,0,0,2294.481,2294.481,0,0,0,0,0,0,0,0,0,0,0,0,0,0,0,0,0,0,0,0,0,0,100,100,0,100,100,0,0,0,0,0,0,0,0,0,0,0,0
World,1832,1178216298,0,0,85.111,0.583,0.69,0.072,0,0,85.111,0.072,0,0,0,0,2379.592,2379.592,0,0,0,0,0,0,0,0,0,0,0,0,0,0,0,0,0,0,0,0,0,0,100,100,0,100,100,0,0,0,0,0,0,0,0,0,0,0,0
World,1833,1183674995,0,0,86.807,1.696,1.99,0.073,0,0,86.807,0.073,0,0,0,0,2466.4,2466.4,0,0,0,0,0,0,0,0,0,0,0,0,0,0,0,0,0,0,0,0,0,0,100,100,0,100,100,0,0,0,0,0,0,0,0,0,0,0,0
World,1834,1189194865,0,0,88.486,1.678,1.93,0.074,0,0,88.486,0.074,0,0,0,0,2554.885,2554.885,0,0,0,0,0,0,0,0,0,0,0,0,0,0,0,0,0,0,0,0,0,0,100,100,0,100,100,0,0,0,0,0,0,0,0,0,0,0,0
World,1835,1194777021,0,0,90.446,1.96,2.22,0.076,0,0,90.446,0.076,0,0,0,0,2645.331,2645.331,0,0,0,0,0,0,0,0,0,0,0,0,0,0,0,0,0,0,0,0,0,0,100,100,0,100,100,0,0,0,0,0,0,0,0,0,0,0,0
World,1836,1200422586,0,0,104.776,14.33,15.84,0.087,0,0,104.776,0.087,0,0,0,0,2750.107,2750.107,0,0,0,0,0,0,0,0,0,0,0,0,0,0,0,0,0,0,0,0,0,0,100,100,0,100,100,0,0,0,0,0,0,0,0,0,0,0,0
World,1837,1206132721,0,0,104.691,-0.084,-0.08,0.087,0,0,104.691,0.087,0,0,0,0,2854.798,2854.798,0,0,0,0,0,0,0,0,0,0,0,0,0,0,0,0,0,0,0,0,0,0,100,100,0,100,100,0,0,0,0,0,0,0,0,0,0,0,0
World,1838,1211908617,0,0,108.044,3.353,3.2,0.089,0,0,108.044,0.089,0,0,0,0,2962.842,2962.842,0,0,0,0,0,0,0,0,0,0,0,0,0,0,0,0,0,0,0,0,0,0,100,100,0,100,100,0,0,0,0,0,0,0,0,0,0,0,0
World,1839,1217612799,0,0,111.613,3.569,3.3,0.092,0,0,111.613,0.092,0,0,0,0,3074.455,3074.455,0,0,0,0,0,0,0,0,0,0,0,0,0,0,0,0,0,0,0,0,0,0,100,100,0,100,100,0,0,0,0,0,0,0,0,0,0,0,0
World,1840,1224118700,0,0,118.93,7.317,6.56,0.097,0,0,118.93,0.097,0,0,0,0,3193.385,3193.385,0,0,0,0,0,0,0,0,0,0,0,0,0,0,0,0,0,0,0,0,0,0,100,100,0,100,100,0,0,0,0,0,0,0,0,0,0,0,0
World,1841,1228821489,0,0,122.619,3.69,3.1,0.1,0,0,122.619,0.1,0,0,0,0,3316.004,3316.004,0,0,0,0,0,0,0,0,0,0,0,0,0,0,0,0,0,0,0,0,0,0,100,100,0,100,100,0,0,0,0,0,0,0,0,0,0,0,0
World,1842,1234333753,0,0,129.504,6.885,5.61,0.105,0,0,129.504,0.105,0,0,0,0,3445.508,3445.508,0,0,0,0,0,0,0,0,0,0,0,0,0,0,0,0,0,0,0,0,0,0,100,100,0,100,100,0,0,0,0,0,0,0,0,0,0,0,0
World,1843,1239786237,0,0,132.853,3.349,2.59,0.107,0,0,132.853,0.107,0,0,0,0,3578.361,3578.361,0,0,0,0,0,0,0,0,0,0,0,0,0,0,0,0,0,0,0,0,0,0,100,100,0,100,100,0,0,0,0,0,0,0,0,0,0,0,0
World,1844,1245319917,0,0,141.423,8.57,6.45,0.114,0,0,141.423,0.114,0,0,0,0,3719.784,3719.784,0,0,0,0,0,0,0,0,0,0,0,0,0,0,0,0,0,0,0,0,0,0,100,100,0,100,100,0,0,0,0,0,0,0,0,0,0,0,0
World,1845,1250936428,0,0,155.211,13.788,9.75,0.124,0,0,155.211,0.124,0,0,0,0,3874.995,3874.995,0,0,0,0,0,0,0,0,0,0,0,0,0,0,0,0,0,0,0,0,0,0,100,100,0,100,100,0,0,0,0,0,0,0,0,0,0,0,0
World,1846,1256637463,0,0,157.794,2.583,1.66,0.126,0,0,157.794,0.126,0,0,0,0,4032.789,4032.789,0,0,0,0,0,0,0,0,0,0,0,0,0,0,0,0,0,0,0,0,0,0,100,100,0,100,100,0,0,0,0,0,0,0,0,0,0,0,0
World,1847,1262424720,0,0,172.402,14.608,9.26,0.137,0,0,172.402,0.137,0,0,0,0,4205.191,4205.191,0,0,0,0,0,0,0,0,0,0,0,0,0,0,0,0,0,0,0,0,0,0,100,100,0,100,100,0,0,0,0,0,0,0,0,0,0,0,0
World,1848,1268300005,0,0,173.816,1.414,0.82,0.137,0,0,173.816,0.137,0,0,0,0,4379.007,4379.007,0,0,0,0,0,0,0,0,0,0,0,0,0,0,0,0,0,0,0,0,0,0,100,100,0,100,100,0,0,0,0,0,0,0,0,0,0,0,0
World,1849,1273394934,0,0,183.511,9.695,5.58,0.144,0,0,183.511,0.144,0,0,0,0,4562.519,4562.519,0,0,0,0,0,0,0,0,0,0,0,0,0,0,0,0,0,0,0,0,0,0,100,100,0,100,100,0,0,0,0,0,0,0,0,0,0,0,0
World,1850,1278698177,0,0,196.896,13.385,7.29,0.154,0.136,0,196.896,0.154,0,0,0,0,4759.416,4759.416,0,0,0,0,0,0,0,0,0,0,0,0,0,0,0,0,0,0,0,0,0,0,100,100,0,100,100,0,0,0,0,0,0,0,0,0,0,0,0
World,1851,1281044111,0,0,198.805,1.909,0.97,0.155,0,0,198.805,0.155,0,0,0,0,4958.22,4958.22,0,0,0,0,0,0,0,0,0,0,0,0,0,0,0,0,0,0,0,0,0,0,100,100,0,100,100,0,0,0,0,0,0,0,0,0,0,0,0
World,1852,1283605123,0,0,207.551,8.746,4.4,0.162,0,0,207.551,0.162,0,0,0,0,5165.771,5165.771,0,0,0,0,0,0,0,0,0,0,0,0,0,0,0,0,0,0,0,0,0,0,100,100,0,100,100,0,0,0,0,0,0,0,0,0,0,0,0
World,1853,1285405357,0,0,217.209,9.658,4.65,0.169,0,0,217.209,0.169,0,0,0,0,5382.98,5382.98,0,0,0,0,0,0,0,0,0,0,0,0,0,0,0,0,0,0,0,0,0,0,100,100,0,100,100,0,0,0,0,0,0,0,0,0,0,0,0
World,1854,1287317863,0,0,255.139,37.93,17.46,0.198,0,0,255.139,0.198,0,0,0,0,5638.12,5638.12,0,0,0,0,0,0,0,0,0,0,0,0,0,0,0,0,0,0,0,0,0,0,100,100,0,100,100,0,0,0,0,0,0,0,0,0,0,0,0
World,1855,1289344086,0,0,260.166,5.027,1.97,0.202,0,0,260.129,0.202,0,0,0,0,5898.285,5898.249,0,0,0.037,0,0,0,0,0,0,0,0,0,0,0,0,0,0.037,0,0,0,0,0,100,100,0,100,100,0,0,100,0,0,0,100,0,0,0,0,0
World,1856,1291485555,0,0,277.292,17.126,6.58,0.215,0,0,277.251,0.215,0,0,0,0,6175.577,6175.5,0,0,0.077,0,0,0,0,0,0,0,0,0,0,0,0,0,0.04,0,0,0,0,0,100,100,0,100,100,0,0,100,0,0,0,100,0,0,0,0,0
World,1857,1293743896,0,0,279.889,2.598,0.94,0.216,0,0,279.838,0.216,0,0,0,0,6455.466,6455.338,0,0,0.128,0,0,0,0,0,0,0,0,0,0,0,0,0,0.051,0,0,0,0,0,100,100,0,100,100,0,0,100,0,0,0,100,0,0,0,0,0
World,1858,1296120810,0,0,284.172,4.283,1.53,0.219,0,0,284.11,0.219,0,0,0,0,6739.638,6739.447,0,0,0.191,0,0,0,0,0,0,0,0,0,0,0,0,0,0.062,0,0,0,0,0,100,100,0,100,100,0,0,100,0,0,0,100,0,0,0,0,0
World,1859,1298874784,0,0,301.313,17.141,6.03,0.232,0,0,301.258,0.232,0,0,0,0,7040.95,7040.705,0,0,0.245,0,0,0,0,0,0,0,0,0,0,0,0,0,0.055,0,0,0,0,0,100,100,0,100,100,0,0,100,0,0,0,100,0,0,0,0,0
World,1860,1303155270,0,0,330.642,29.33,9.73,0.254,0,0,330.369,0.254,0,0,0,0,7371.593,7371.074,0,0,0.519,0,0,0,0,0,0,0,0,0,0,0,0,0,0.274,0,0,0,0,0,100,100,0,100,100,0,0,100,0,0,0,100,0,0,0,0,0
World,1861,1305490771,0,0,347.735,17.093,5.17,0.266,0,0,346.794,0.266,0,0,0,0,7719.328,7717.868,0,0,1.46,0,0,0,0,0,0,0,0,0,0,0,0,0,0.941,0.001,0,0,0,0,100,100,0,100,100,0,0,100,0,0,0,100,0,0,0,0,0
World,1862,1309347024,0,0,354.057,6.322,1.82,0.27,0,0,352.659,0.269,0,0,0,0,8073.385,8070.526,0,0,2.859,0,0,0,0,0,0,0,0,0,0,0,0,0,1.399,0.001,0,0,0,0,100,100,0,100,100,0,0,100,0,0,0,100,0,0,0,0,0
World,1863,1313556287,0,0,377.86,23.802,6.72,0.288,0,0,376.567,0.287,0,0,0,0,8451.245,8447.093,0,0,4.153,0,0,0,0,0,0,0,0,0,0,0,0,0,1.293,0.001,0,0,0,0,100,100,0,100,100,0,0,100,0,0,0,100,0,0,0,0,0
World,1864,1317850567,0,0,407.091,29.231,7.74,0.309,0,0,405.981,0.308,0,0,0,0,8858.336,8853.074,0,0,5.263,0,0,0,0,0,0,0,0,0,0,0,0,0,1.11,0.001,0,0,0,0,100,100,0,100,100,0,0,100,0,0,0,100,0,0,0,0,0
World,1865,1322223328,0,0,432.308,25.217,6.19,0.327,0,0,430.988,0.326,0,0,0,0,9290.645,9284.062,0,0,6.583,0,0,0,0,0,0,0,0,0,0,0,0,0,1.32,0.001,0,0,0,0,100,100,0,100,100,0,0,100,0,0,0,100,0,0,0,0,0
World,1866,1326674072,0,0,445.971,13.663,3.16,0.336,0,0,444.018,0.335,0,0,0,0,9736.615,9728.079,0,0,8.536,0,0,0,0,0,0,0,0,0,0,0,0,0,1.952,0.002,0,0,0,0,100,100,0,100,100,0,0,100,0,0,0,100,0,0,0,0,0
World,1867,1331210602,0,0,477.815,31.844,7.14,0.359,0,0,475.829,0.357,0,0,0,0,10214.43,10203.908,0,0,10.521,0,0,0,0,0,0,0,0,0,0,0,0,0,1.986,0.002,0,0,0,0,100,100,0,100,100,0,0,100,0,0,0,100,0,0,0,0,0
World,1868,1335831902,0,0,490.753,12.938,2.71,0.367,0,0,488.462,0.366,0,0,0,0,10705.182,10692.37,0,0,12.811,0,0,0,0,0,0,0,0,0,0,0,0,0,2.29,0.002,0,0,0,0,100,100,0,100,100,0,0,100,0,0,0,100,0,0,0,0,0
World,1869,1341040002,0,0,521.131,30.378,6.19,0.389,0,0,518.515,0.387,0,0,0,0,11226.312,11210.886,0,0,15.427,0,0,0,0,0,0,0,0,0,0,0,0,0,2.616,0.002,0,0,0,0,100,100,0,100,100,0,0,100,0,0,0,100,0,0,0,0,0
World,1870,1348154278,0,0,532.537,11.406,2.19,0.395,0.28,0,529.402,0.393,0,0,0,0,11758.85,11740.288,0,0,18.561,0,0,0,0,0,0,0,0,0,0,0,0,0,3.134,0.002,0,0,0,0,100,100,0,100,100,0,0,100,0,0,0,100,0,0,0,0,0
World,1871,1353185947,0,0,566.143,33.606,6.31,0.418,0,0,562.86,0.416,0,0,0,0,12324.993,12303.148,0,0,21.844,0,0,0,0,0,0,0,0,0,0,0,0,0,3.283,0.002,0,0,0,0,100,100,0,100,100,0,0,100,0,0,0,100,0,0,0,0,0
World,1872,1360191149,0,0,626.372,60.229,10.64,0.461,0,0,622.672,0.458,0,0,0,0,12951.364,12925.821,0,0,25.544,0,0,0,0,0,0,0,0,0,0,0,0,0,3.699,0.003,0,0,0,0,100,100,0,100,100,0,0,100,0,0,0,100,0,0,0,0,0
World,1873,1367778454,0,0,665.419,39.047,6.23,0.486,0,0,659.747,0.482,0,0,0,0,13616.783,13585.567,0,0,31.216,0,0,0,0,0,0,0,0,0,0,0,0,0,5.672,0.004,0,0,0,0,100,100,0,100,100,0,0,100,0,0,0,100,0,0,0,0,0
World,1874,1375441175,0,0,622.997,-42.422,-6.38,0.453,0,0,616.751,0.448,0,0,0,0,14239.781,14202.318,0,0,37.462,0,0,0,0,0,0,0,0,0,0,0,0,0,6.247,0.004,0,0,0,0,100,100,0,100,100,0,0,100,0,0,0,100,0,0,0,0,0
World,1875,1383207445,0,0,675.799,52.802,8.48,0.489,0,0,669.959,0.484,0,0,0,0,14915.58,14872.277,0,0,43.302,0,0,0,0,0,0,0,0,0,0,0,0,0,5.84,0.004,0,0,0,0,100,100,0,100,100,0,0,100,0,0,0,100,0,0,0,0,0
World,1876,1391057502,0,0,685.553,9.754,1.44,0.493,0,0,679.01,0.488,0,0,0,0,15601.133,15551.287,0,0,49.845,0,0,0,0,0,0,0,0,0,0,0,0,0,6.543,0.005,0,0,0,0,100,100,0,100,100,0,0,100,0,0,0,100,0,0,0,0,0
World,1877,1398962396,0,0,699.099,13.546,1.98,0.5,0,0,690.267,0.493,0,0,0,0,16300.23,16241.555,0,0,58.677,0,0,0,0,0,0,0,0,0,0,0,0,0,8.831,0.006,0,0,0,0,100,100,0,100,100,0,0,100,0,0,0,100,0,0,0,0,0
World,1878,1406939006,0,0,704.382,5.283,0.76,0.501,0,0,694.332,0.493,0,0,0,0,17004.613,16935.887,0,0,68.727,0,0,0,0,0,0,0,0,0,0,0,0,0,10.05,0.007,0,0,0,0,100,100,0,100,100,0,0,100,0,0,0,100,0,0,0,0,0
World,1879,1415456507,0,0,754.87,50.488,7.17,0.533,0,0,742.2,0.524,0,0,0,0,17759.482,17678.086,0,0,81.396,0,0,0,0,0,0,0,0,0,0,0,0,0,12.67,0.009,0,0,0,0,100,100,0,100,100,0,0,100,0,0,0,100,0,0,0,0,0
World,1880,1425998659,0,0,853.707,98.838,13.09,0.599,0,0,838.331,0.588,0,0,0,0,18613.189,18516.416,0,0,96.772,0,0,0,0,0,0,0,0,0,0,0,0,0,15.376,0.011,0,0,0,100,100,100,100,100,100,0,0,100,0,0,0,100,0,0,0,0,0
World,1881,1434253944,0,0,882.407,28.7,3.36,0.615,0,0,865.153,0.603,0,0,0,0,19495.596,19381.57,0,0,114.026,0,0,0,0,0,0,0,0,0,0,0,0,0,17.254,0.012,0,0,0,100,100,100,100,100,100,0,0,100,0,0,0,100,0,0,0,0,0
World,1882,1444559322,0,0,931.925,49.517,5.61,0.645,0,0,912.808,0.632,0,0,0,0.001,20427.521,20294.377,0,0.165,132.978,0,0,0,0,0,0.165,0,0,0,0,0,0,0,18.952,0.013,0,0,0,100,100,100,100,100,100,0,100,100,0,0,100,100,0,0,0,0,0
World,1883,1455464560,0,0,991.036,59.111,6.34,0.681,0,0,974.138,0.669,0,0,0,0.001,21418.557,21268.518,0,0.546,149.495,0,0,0,0,0,0.381,0,0,0,0,0,0,0,16.516,0.011,0,0,0,100,100,100,100,100,100,0,100,100,0,0,100,100,0,0,0,0,0
World,1884,1466507494,0,0,1002.178,11.142,1.12,0.683,0,0,982.67,0.67,0,0,0,0.001,22420.736,22251.186,0,1.718,167.829,0,0,0,0,0,1.172,0.001,0,0,0,0,0,0,18.334,0.013,0,0,0,100,100,100,100,100,100,0,100,100,0,0,100,100,0,0,0,0,0
World,1885,1477744363,0,0,1009.675,7.497,0.75,0.683,0,0,986.989,0.668,0,0,0,0.002,23430.41,23238.174,0,5.434,186.799,0,0,0,0,0,3.715,0.002,0,0,0,0,0,0,18.97,0.013,0,0,0,100,100,100,100,100,100,0,100,100,0,0,100,100,0,0,0,0,0
World,1886,1489095893,0,0,1025.479,15.804,1.57,0.689,0,0,995.967,0.669,0,0,0,0.002,24455.889,24234.143,0,13.11,208.634,0,0,0,0,0,7.676,0.005,0,0,0,0,0,0,21.835,0.015,0,0,0,100,100,100,100,100,100,0,100,100,0,0,100,100,0,0,0,0,0
World,1887,1500609770,0.001,0,1076.762,51.283,5,0.717,0,0,1041.484,0.694,0,0,0,0.003,25532.648,25275.627,0,24.897,232.124,0,0,0,0,0,11.787,0.008,0,0,0,0,0,0,23.49,0.016,0,0,0,100,100,100,100,100,100,0,100,100,0,0,100,100,0,0,0,0,0
World,1888,1512259811,0.001,0,1192.276,115.514,10.73,0.788,0,0,1150.913,0.761,0,0,0,0.003,26724.926,26426.539,0,41.671,256.713,0,0,0,0,0,16.774,0.011,0,0,0,0,0,0,24.589,0.016,0,0,0,100,100,100,100,100,100,0,100,100,0,0,100,100,0,0,0,0,0
World,1889,1523683199,0.001,0,1191.804,-0.472,-0.04,0.782,0,0,1151.16,0.756,0,0,0,0.004,27916.73,27577.701,0,53.897,285.13,0,0,0,0,0,12.227,0.008,0,0,0,0,0,0,28.417,0.019,0,0,0,100,100,100,100,100,100,0,100,100,0,0,100,100,0,0,0,0,0
World,1890,1536461994,0.001,0,1298.464,106.659,8.95,0.845,0,0,1252.114,0.815,0,0,0,0.004,29215.195,28829.812,0,65.585,319.791,0,0,0,0,0,11.688,0.008,0,0,0,0,0,0,34.661,0.023,0,0,0,100,100,100,100,100,100,0,100,100,0,0,100,100,0,0,0,0,0
World,1891,1545852788,0.001,0,1358.88,60.416,4.65,0.879,0,0,1309.093,0.847,0,0,0,0.005,30574.074,30138.906,0,74.533,360.629,0,0,0,0,0,8.947,0.006,0,0,0,0,0,0,40.839,0.026,0,0,0,100,100,100,100,100,100,0,100,100,0,0,100,100,0,0,0,0,0
World,1892,1556562451,0.001,0,1370.094,11.215,0.83,0.88,0,0,1322.104,0.849,0,0,0,0.006,31944.17,31461.012,0,82.308,400.844,0,0,0,0,0,7.775,0.005,0,0,0,0,0,0,40.215,0.026,0,0,0,100,100,100,100,100,100,0,100,100,0,0,100,100,0,0,0,0,0
World,1893,1567026235,0.001,0,1353.675,-16.419,-1.2,0.864,0,0,1303.831,0.832,0,0,0,0.006,33297.844,32764.842,0,89.596,443.4,0,0,0,0,0,7.288,0.005,0,0,0,0,0,0,42.556,0.027,0,0,0,100,100,100,100,100,100,0,100,100,0,0,100,100,0,0,0,0,0
World,1894,1577633469,0.001,0,1400.865,47.19,3.49,0.888,0,0,1352.451,0.857,0,0,0,0.007,34698.707,34117.293,0,96.294,485.116,0,0,0,0,0,6.698,0.004,0,0,0,0,0,0,41.715,0.026,0,0,0,100,100,100,100,100,100,0,100,100,0,0,100,100,0,0,0,0,0
World,1895,1588397643,0.001,0,1485.281,84.417,6.03,0.935,0,0,1429.692,0.9,0,0,0,0.008,36183.988,35546.984,0,103.336,533.662,0,0,0,0,0,7.042,0.004,0,0,0,0,0,0,48.547,0.031,0,0,0,100,100,100,100,100,100,0,100,100,0,0,100,100,0,0,0,0,0
World,1896,1599255683,0.001,0,1533.711,48.43,3.26,0.959,0,0,1474.282,0.922,0,0,0,0.009,37717.699,37021.266,0,110.184,586.242,0,0,0,0,0,6.848,0.004,0,0,0,0,0,0,52.58,0.033,0,0,0,100,100,100,100,100,100,0,100,100,0,0,100,100,0,0,0,0,0
World,1897,1610265238,0.001,0,1606.311,72.6,4.73,0.998,0,0,1543.48,0.959,0,0,0,0.01,39324.012,38564.746,0,117.471,641.784,0,0,0,0,0,7.288,0.004,0,0,0,0,0,0,55.542,0.034,0,0,0,100,100,100,100,100,100,0,100,100,0,0,100,100,0,0,0,0,0
World,1898,1621405678,0.001,0,1694.277,87.967,5.48,1.045,0,0,1628.631,1.005,0,0,0,0.011,41018.289,40193.375,0,125.931,698.969,0,0,0,0,0,8.46,0.005,0,0,0,0,0,0,57.185,0.035,0,0,0,100,100,100,100,100,100,0,100,100,0,0,100,100,0,0,0,0,0
World,1899,1633219852,0.001,0,1850.906,156.629,9.24,1.133,0,0,1779.948,1.09,0,0,0,0.012,42869.195,41973.324,0,136.836,759.021,0,0,0,0,0,10.904,0.007,0,0,0,0,0,0,60.052,0.037,0,0,0,100,100,100,100,100,100,0,100,100,0,0,100,100,0,0,0,0,0
World,1900,1647405028,0.001,0,1952.225,101.319,5.47,1.185,0.573,0,1873.352,1.137,0,0,0,0.013,44821.418,43846.676,0,148.377,826.35,0,0,0,0,0,11.542,0.007,0,0,0,0,0,0,67.33,0.041,0,0,0,100,100,100,100,100,100,0,100,100,0,0,100,100,0,0,0,0,0
World,1901,1658785643,0.002,0,2016.761,64.536,3.31,1.216,0,0,1929.136,1.163,0,0,0,0.015,46838.184,45775.816,0,161.238,901.114,0,0,0,0,0,12.861,0.008,0,0,0,0,0,0,74.763,0.045,0,0,0,100,100,100,100,100,100,0,100,100,0,0,100,100,0,0,0,0,0
World,1902,1672564382,0.002,0,2067.798,51.037,2.53,1.236,0,0,1973.277,1.18,0,0,0,0.017,48905.977,47749.09,0,174.934,981.936,0,0,0,0,0,13.696,0.008,0,0,0,0,0,0,80.822,0.048,0,0,0,100,100,100,100,100,100,0,100,100,0,0,100,100,0,0,0,0,0
World,1903,1687012805,0.003,0,2256.077,188.28,9.11,1.337,0,0,2155.965,1.278,0,0,0,0.02,51162.055,49905.055,0,189.462,1067.518,0,0,0,0,0,14.528,0.009,0,0,0,0,0,0,85.582,0.051,0,0,0,100,100,100,100,100,100,0,100,100,0,0,100,100,0,0,0,0,0
World,1904,1701647404,0.003,0,2281.857,25.78,1.14,1.341,0,0,2168.744,1.275,0,0,0,0.022,53443.91,52073.801,0,204.627,1163.63,0,0,0,0,0,15.165,0.009,0,0,0,0,0,0,96.112,0.056,0,0,0,100,100,100,100,100,100,0,100,100,0,0,100,100,0,0,0,0,0
World,1905,1716473051,0.003,0,2429.631,147.774,6.48,1.416,0,0,2313.423,1.348,0,0,0,0.026,55873.543,54387.223,0,221.796,1260.685,0,0,0,0,0,17.17,0.01,0,0,0,0,0,0,97.055,0.056,0,0,0,100,100,100,100,100,100,0,100,100,0,0,100,100,0,0,0,0,0
World,1906,1731494784,0.004,0,2551.87,122.238,5.03,1.474,0,0,2432.774,1.405,0,0,0,0.03,58425.414,56820,0,240.823,1358.621,0,0,0,0,0,19.027,0.011,0,0,0,0,0,0,97.937,0.057,0,0,0,100,100,100,100,100,100,0,100,100,0,0,100,100,0,0,0,0,0
World,1907,1746736854,0.005,0,2885.281,333.412,13.07,1.652,0,0,2743.876,1.571,0,0,0,0.035,61310.691,59563.871,0,260.701,1478.091,0,0,0,0,0,19.877,0.011,0,0,0,0,0,0,119.47,0.068,0,0,0,100,100,100,100,100,100,0,100,100,0,0,100,100,0,0,0,0,0
World,1908,1762200207,0.115,0,2776.432,-108.85,-3.77,1.576,0,0,2625.993,1.49,0,0,0,0.15,64087.125,62189.867,0,280.376,1606.904,0,0,0,0,0,19.676,0.011,0,0,0,0,0,0,128.813,0.073,0,0,0,100,100,100,100,100,100,0,100,100,0,0,100,100,0,0,0,0,0
World,1909,1777067748,0.116,0,2887.083,110.651,3.99,1.625,0,0,2726.692,1.534,0,0,0,0.266,66974.211,64916.559,0,303.899,1741.309,0,0,0,0,0,23.523,0.013,0,0,0,0,0,0,134.405,0.076,0,0,0,100,100,100,100,100,100,0,100,100,0,0,100,100,0,0,0,0,0
World,1910,1793323600,0.135,0,3027.589,140.506,4.87,1.688,0,0,2856.301,1.593,0,0,0,0.401,70001.797,67772.859,0,328.814,1885.2,0,0,0,0,0,24.915,0.014,0,0,0,0,0,0,143.89,0.08,0,0,0,100,100,100,100,100,100,0,100,100,0,0,100,100,0,0,0,0,0
World,1911,1804920684,0.148,0,3082.462,54.873,1.81,1.708,0,0,2901.717,1.608,0,0,0,0.549,73084.258,70674.578,0,354.532,2037.806,0,0,0,0,0,25.718,0.014,0,0,0,0,0,0,152.606,0.084,0,0,0,100,100,100,100,100,100,0,100,100,0,0,100,100,0,0,0,0,0
World,1912,1817990952,0.177,0,3228.332,145.87,4.73,1.776,0,0,3040.658,1.673,0,0,0,0.726,76312.594,73715.234,0,382.847,2194.641,0,0,0,0,0,28.315,0.016,0,0,0,0,0,0,156.835,0.086,0,0,0,100,100,100,100,100,100,0,100,100,0,0,100,100,0,0,0,0,0
World,1913,1830461187,0.203,0,3492.411,264.079,8.18,1.908,0,0,3278.526,1.791,0,0,0,0.929,79805.008,76993.758,0,412.445,2376.305,0,0,0,0,0,29.598,0.016,0,0,0,0,0,0,181.664,0.099,0,0,0,100,100,100,100,100,100,0,100,100,0,0,100,100,0,0,0,0,0
World,1914,1843131589,0.147,0,3168.341,-324.07,-9.28,1.719,0,0,2950.129,1.601,0,0,0,1.075,82973.344,79943.891,0,442.582,2561.96,0,0,0,0,0,30.136,0.016,0,0,0,0,0,0,185.655,0.101,0,0,0,100,100,100,100,100,100,0,100,100,0,0,100,100,0,0,0,0,0
World,1915,1855949027,0.16,0,3125.089,-43.253,-1.37,1.684,0,0,2893.484,1.559,0,0,0,1.235,86098.438,82837.375,0,474.447,2759.118,0,0,0,0,0,31.866,0.017,0,0,0,0,0,0,197.158,0.106,0,0,0,100,100,100,100,100,100,0,100,100,0,0,100,100,0,0,0,0,0
World,1916,1868851504,0.181,0,3373.154,248.066,7.94,1.805,0,0,3117.193,1.668,0,0,0,1.417,89471.594,85954.57,0,512.824,2973.807,0,0,0,0,0,38.377,0.021,0,0,0,0,0,0,214.689,0.115,0,0,0,100,100,100,100,100,100,0,100,100,0,0,100,100,0,0,0,0,0
World,1917,1881853176,0.148,0,3527.726,154.572,4.58,1.875,0,0,3245.711,1.725,0,0,0,1.565,92999.312,89200.281,0,553.333,3212.67,0,0,0,0,0,40.509,0.022,0,0,0,0,0,0,238.863,0.127,0,0,0,100,100,100,100,100,100,0,100,100,0,0,100,100,0,0,0,0,0
World,1918,1895037042,0.12,0,3479.186,-48.54,-1.38,1.836,0,0,3195.795,1.686,0,0,0,1.684,96478.5,92396.07,0,589.852,3457.295,0,0,0,0,0,36.519,0.019,0,0,0,0,0,0,244.625,0.129,0,0,0,100,100,100,100,100,100,0,100,100,0,0,100,100,0,0,0,0,0
World,1919,1909044309,0.125,0,3014.874,-464.311,-13.35,1.579,0,0,2701.63,1.415,0,0,0,1.809,99493.375,95097.703,0,627.8,3730.266,0,0,0,0,0,37.948,0.02,0,0,0,0,0,0,272.971,0.143,0,0,0,100,100,100,100,100,100,0,100,100,0,0,100,100,0,0,0,0,0
World,1920,1926217432,0.149,0,3507.598,492.723,16.34,1.821,0.812,0,3112.456,1.616,0,0,0,1.958,103000.977,98210.164,0,669.486,4081.227,0,0,0,0,0,41.685,0.022,0,0,0,0,0,0,350.961,0.182,0,0,0,100,100,100,100,100,100,0,100,100,0,0,100,100,0,0,0,0,0
World,1921,1939587826,0.13,0,3076.038,-431.559,-12.3,1.586,0,0,2654.96,1.369,0,0,0,2.087,106077.008,100865.125,0,704.478,4465.496,0,0,0,0,0,34.992,0.018,0,0,0,0,0,0,384.269,0.198,0,0,0,100,100,100,100,100,100,0,100,100,0,0,100,100,0,0,0,0,0
World,1922,1955971631,0.193,0,3226.445,150.407,4.89,1.65,0,0,2757.367,1.41,0,0,0,2.28,109303.453,103622.484,0,744.585,4891.854,0,0,0,0,0,40.107,0.021,0,0,0,0,0,0,426.358,0.218,0,0,0,100,100,100,100,100,100,0,100,100,0,0,100,100,0,0,0,0,0
World,1923,1973057174,0.208,0,3661.081,434.636,13.47,1.855,0,0,3132.093,1.587,0,0,0,2.488,112964.531,106754.578,0,797.111,5365.395,0,0,0,0,0,52.526,0.027,0,0,0,0,0,0,473.54,0.24,0,0,0,100,100,100,100,100,100,0,100,100,0,0,100,100,0,0,0,0,0
World,1924,1990416385,0.216,0,3672.399,11.319,0.31,1.845,0,0,3138.926,1.577,0,0,0,2.704,116636.938,109893.5,0,856.818,5836.23,0,0,0,0,0,59.708,0.03,0,0,0,0,0,0,470.836,0.237,0,0,0,100,100,100,100,100,100,0,100,100,0,0,100,100,0,0,0,0,0
World,1925,2008052088,14.341,0.007,3712.868,40.468,1.1,1.849,0,0,3138.719,1.563,0,0,0,17.045,120349.805,113032.227,0,920.738,6329.037,0,0,0,0,0,63.92,0.032,0,0,0,0,0,0,492.807,0.245,0,0,0,100,100,100,100,100,100,0,100,100,0,0,100,100,0,0,0,0,0
World,1926,2025945381,14.651,0.007,3645.19,-67.677,-1.82,1.799,0,0,3067.699,1.514,0,0,0,31.696,123994.984,116099.922,0,989.881,6819.728,0,0,0,0,0,69.142,0.034,0,0,0,0,0,0,490.69,0.242,0,0,0,100,100,100,100,100,100,0,100,100,0,0,100,100,0,0,0,0,0
World,1927,2044097070,15.355,0.007,3981.433,336.243,9.22,1.948,0,0,3349.259,1.638,0,0,0,47.052,127976.422,119449.18,0,1065.895,7357.598,0,0,0,0,0,76.014,0.037,0,0,0,0,0,0,537.87,0.263,0,0,0,100,100,100,100,100,100,0,100,100,0,0,100,100,0,0,0,0,0
World,1928,2062543972,35.521,0.017,3962.552,-18.88,-0.47,1.921,0,0,3291.869,1.596,0,0,0,82.573,131938.969,122741.047,0,1148.516,7907.205,0,0,0,0,0,82.621,0.04,0,0,0,0,0,0,549.607,0.266,0,0,0,100,100,100,100,100,100,0,100,100,0,0,100,100,0,0,0,0,0
World,1929,2081683468,36.78,0.018,4255.151,292.598,7.38,2.044,0,0,3509.776,1.686,0,0,0,119.354,136194.125,126250.828,0,1251.407,8510.047,0,0,0,0,0,102.891,0.049,0,0,0,0,0,0,602.843,0.29,0,0,0,100,100,100,100,100,100,0,100,100,0,0,100,100,0,0,0,0,0
World,1930,2104067387,35.473,0.017,3923.058,-332.092,-7.8,1.865,0,0,3202.446,1.522,0,0,0,154.827,140117.188,129453.266,0,1355.627,9088.692,0,0,0,0,0,104.22,0.049,0,0,0,0,0,0,578.645,0.275,0,0,0,100,100,100,100,100,100,0,100,100,0,0,100,100,0,0,0,0,0
World,1931,2122176586,30.865,0.014,3505.272,-417.786,-10.65,1.652,0,0,2818.889,1.328,0,0,0,185.691,143622.453,132272.156,0,1448.508,9649.497,0,0,0,0,0,92.881,0.044,0,0,0,0,0,0,560.804,0.264,0,0,0,100,100,100,100,100,100,0,100,100,0,0,100,100,0,0,0,0,0
World,1932,2143517525,24.68,0.012,3159.133,-346.139,-9.87,1.474,0,0,2508.233,1.17,0,0,0,210.372,146781.578,134780.391,0,1536.718,10186.186,0,0,0,0,0,88.211,0.041,0,0,0,0,0,0,536.689,0.25,0,0,0,100,100,100,100,100,100,0,100,100,0,0,100,100,0,0,0,0,0
World,1933,2165540428,23.831,0.011,3326.454,167.32,5.3,1.536,0,0,2623.658,1.212,0,0,0,234.203,150108.047,137404.062,0,1627.626,10772.702,0,0,0,0,0,90.908,0.042,0,0,0,0,0,0,586.516,0.271,0,0,0,100,100,100,100,100,100,0,100,100,0,0,100,100,0,0,0,0,0
World,1934,2187836793,28.499,0.013,3617.657,291.204,8.75,1.653,0,0,2865.027,1.309,0,0,0,262.702,153725.703,140269.078,0,1729.564,11393.281,0,0,0,0,0,101.938,0.047,0,0,0,0,0,0,620.58,0.284,0,0,0,100,100,100,100,100,100,0,100,100,0,0,100,100,0,0,0,0,0
World,1935,2210412972,32.049,0.014,3796.088,178.431,4.93,1.717,0,0,2981.713,1.349,0,0,0,294.751,157521.781,143250.797,0,1840.923,12062.269,0,0,0,0,0,111.359,0.05,0,0,0,0,0,0,668.987,0.303,0,0,0,100,100,100,100,100,100,0,100,100,0,0,100,100,0,0,0,0,0
World,1936,2233367401,38.701,0.017,4170.574,374.485,9.87,1.867,0,0,3274.493,1.466,0,0,0,333.453,161692.375,146525.297,0,1966.437,12791.64,0,0,0,0,0,125.514,0.056,0,0,0,0,0,0,729.372,0.327,0,0,0,100,100,100,100,100,100,0,100,100,0,0,100,100,0,0,0,0,0
World,1937,2256671866,40.766,0.018,4458.901,288.328,6.91,1.976,0,0,3453.106,1.53,0,0,0,374.218,166151.281,149978.391,0,2106.995,13613.398,0,0,0,0,0,140.558,0.062,0,0,0,0,0,0,821.758,0.364,0,0,0,100,100,100,100,100,100,0,100,100,0,0,100,100,0,0,0,0,0
World,1938,2280342907,38.494,0.017,4195.243,-263.659,-5.91,1.84,0,0,3221.828,1.413,0,0,0,412.712,170346.516,153200.219,0,2242.471,14410.643,0,0,0,0,0,135.477,0.059,0,0,0,0,0,0,797.244,0.35,0,0,0,100,100,100,100,100,100,0,100,100,0,0,100,100,0,0,0,0,0
World,1939,2303096438,35.62,0.015,4438.144,242.901,5.79,1.927,0,0,3427.851,1.488,0,0,0,448.332,174784.656,156628.078,0,2383.783,15241.144,0,0,0,0,0,141.311,0.061,0,0,0,0,0,0,830.501,0.361,0,0,0,100,100,100,100,100,100,0,100,100,0,0,100,100,0,0,0,0,0
World,1940,2327357744,31.36,0.014,4849.927,411.783,9.28,2.084,0.694,0,3789.036,1.628,0,0,0,479.692,179634.578,160417.109,0,2537.277,16113.952,0,0,0,0,0,153.494,0.066,0,0,0,0,0,0,872.809,0.375,0,0,0,100,100,100,100,100,100,0,100,100,0,0,100,100,0,0,0,0,0
World,1941,2344788534,43.204,0.018,4959.186,109.26,2.25,2.115,0,0,3877.511,1.654,0,0,0,522.896,184593.766,164294.625,0,2690.74,16994.926,0,0,0,0,0,153.463,0.065,0,0,0,0,0,0,880.974,0.376,0,0,0,100,100,100,100,100,100,0,100,100,0,0,100,100,0,0,0,0,0
World,1942,2363887111,38.277,0.016,4939.725,-19.461,-0.39,2.09,0,0,3895.616,1.648,0,0,0,561.173,189533.484,168190.234,0,2856.789,17830.674,0,0,0,0,0,166.049,0.07,0,0,0,0,0,0,835.748,0.354,0,0,0,100,100,100,100,100,100,0,100,100,0,0,100,100,0,0,0,0,0
World,1943,2381758939,34.736,0.015,5023.25,83.526,1.69,2.109,0,0,3913.209,1.643,0,0,0,595.909,194556.734,172103.453,0,3039.689,18718.752,0,0,0,0,0,182.9,0.077,0,0,0,0,0,0,888.078,0.373,0,0,0,100,100,100,100,100,100,0,100,100,0,0,100,100,0,0,0,0,0
World,1944,2399659920,22.615,0.009,5105.437,82.186,1.64,2.128,0,0,3862.619,1.61,0,0,0,618.523,199662.172,175966.062,0,3237.29,19737.027,0,0,0,0,0,197.601,0.082,0,0,0,0,0,0,1018.275,0.424,0,0,0,100,100,100,100,100,100,0,100,100,0,0,100,100,0,0,0,0,0
World,1945,2417413700,22.935,0.009,4244.738,-860.699,-16.86,1.756,0,0,2992.539,1.238,0,0,0,641.458,203906.922,178958.594,0,3453.969,20745.65,0,0,0,0,0,216.68,0.09,0,0,0,0,0,0,1008.624,0.417,0,0,0,100,100,100,100,100,100,0,100,100,0,0,100,100,0,0,0,0,0
World,1946,2435048602,36.24,0.015,4633.477,388.739,9.16,1.903,0,0,3229.253,1.326,0,0,0,677.698,208540.406,182187.844,0,3677.783,21885.859,0,0,0,0,0,223.814,0.092,0,0,0,0,0,0,1140.209,0.468,0,0,0,100,100,100,100,100,100,0,100,100,0,0,100,100,0,0,0,0,0
World,1947,2454045831,43.09,0.018,5130.186,496.708,10.72,2.091,0,0,3613,1.472,0,0,0,720.788,213670.578,185800.844,0,3925.648,23107.543,0,0,0,0,0,247.864,0.101,0,0,0,0,0,0,1221.684,0.498,0,0,0,100,100,100,100,100,100,0,100,100,0,0,100,100,0,0,0,0,0
World,1948,2474648090,51.571,0.021,5401.115,270.93,5.28,2.183,0,0,3724.614,1.505,0,0,0,772.359,219071.688,189525.469,0,4205.743,24447.537,0,0,0,0,0,280.095,0.113,0,0,0,0,0,0,1339.994,0.541,0,0,0,100,100,100,100,100,100,0,100,100,0,0,100,100,0,0,0,0,0
World,1949,2500821769,58.148,0.023,5243.103,-158.013,-2.93,2.097,0,0,3543.269,1.417,0,0,0,830.507,224314.797,193068.75,0,4506.168,25784.617,0,0,0,0,0,300.425,0.12,0,0,0,0,0,0,1337.08,0.535,0,0,0,100,100,100,100,100,100,0,100,100,0,0,100,100,0,0,0,0,0
World,1950,2536603780,66.855,0.026,6003.238,760.135,14.5,2.367,0.714,0,3855.859,1.52,0,0,0,897.362,230318.031,196924.594,73.624,4859.289,27433.408,0,0,0,73.624,0.029,353.121,0.139,0,0,0,0,0,0,1648.791,0.65,0,0,0,100,100,100,100,100,100,100,100,100,0,100,100,100,0,0,0,0,0
World,1951,2584032171,75.704,0.029,6379.756,376.518,6.27,2.469,0,0,4059.652,1.571,0,0,0,973.066,236697.797,200984.25,153.5,5275.437,29176.283,0,0,0,79.875,0.031,416.148,0.161,0,0,0,0,0,0,1742.875,0.674,0,0,0,100,100,100,100,100,100,100,100,100,0,100,100,100,0,0,0,0,0
World,1952,2630859592,80.704,0.031,6465.694,85.938,1.35,2.458,0,0,4008.654,1.524,0,0,0,1053.769,243163.484,204992.906,238.863,5722.481,31014.859,0,0,0,85.364,0.032,447.044,0.17,0,0,0,0,0,0,1838.574,0.699,0,0,0,100,100,100,100,100,100,100,100,100,0,100,100,100,0,0,0,0,0
World,1953,2677606905,89.483,0.033,6647.728,182.034,2.82,2.483,0,0,4043.289,1.51,0,0,0,1143.252,249811.203,209036.203,320.212,6196.963,32967.531,0,0,0,81.348,0.03,474.482,0.177,0,0,0,0,0,0,1952.672,0.729,0,0,0,100,100,100,100,100,100,100,100,100,0,100,100,100,0,0,0,0,0
World,1954,2724844489,97.083,0.036,6789.937,142.209,2.14,2.492,0,0,4039.06,1.482,0,0,0,1240.335,256601.141,213075.25,397.824,6698.263,35036.688,0,0,0,77.612,0.029,501.3,0.184,0,0,0,0,0,0,2069.16,0.759,0,0,0,100,100,100,100,100,100,100,100,100,0,100,100,100,0,0,0,0,0
World,1955,2773017680,107.402,0.039,7443.207,653.271,9.62,2.684,0,0,4372.277,1.577,0,0,0,1347.737,264044.375,217447.531,494.659,7245.436,37349.242,0,0,0,96.836,0.035,547.173,0.197,0,0,0,0,0,0,2312.551,0.834,0,0,0,100,100,100,100,100,100,100,100,100,0,100,100,100,0,0,0,0,0
World,1956,2822441007,116.45,0.041,7924.21,481.003,6.46,2.808,0,0,4596.625,1.629,0,0,0,1464.187,271968.562,222044.156,602.833,7832.585,39858.012,0,0,0,108.174,0.038,587.15,0.208,0,0,0,0,0,0,2508.771,0.889,0,0,0,100,100,100,100,100,100,100,100,100,0,100,100,100,0,0,0,0,0
World,1957,2873303791,122.444,0.043,8185.524,261.313,3.3,2.849,0,0,4681.301,1.629,0,0,0,1586.631,280154.094,226725.469,709.219,8479.144,42480.027,0,0,0,106.386,0.037,646.558,0.225,0,0,0,0,0,0,2622.014,0.913,0,0,0,100,100,100,100,100,100,100,100,100,0,100,100,100,0,0,0,0,0
World,1958,2925684343,129.605,0.044,8417.6,232.076,2.84,2.877,0,0,4753.929,1.625,0,0,0,1716.236,288571.688,231479.375,804.333,9184.831,45207.125,0,0,0,95.115,0.032,705.688,0.241,0,0,0,0,0,0,2727.102,0.932,0,0,0,100,100,100,100,100,100,100,100,100,0,100,100,100,0,0,0,0,0
World,1959,2979573835,145.151,0.049,8856.188,438.589,5.21,2.972,0,0,4947.613,1.661,8856.188,2.972,0,1861.386,297427.906,236427,896.027,9942.902,48112.5,0,0,0,91.694,0.031,758.071,0.254,0,0,0,0,0,0,2905.371,0.975,0,0,0,100,100,100,100,100,100,100,100,100,0,100,100,100,0,0,0,0,0
World,1960,3035157869,157.316,0.052,9386.934,530.745,5.99,3.093,0.709,0,5151.701,1.697,9386.934,3.093,0.709,2018.702,306814.812,241578.703,985.167,10777.243,51239.43,0,0,0,89.14,0.029,834.34,0.275,0,0,0,0,0,0,3126.929,1.03,0,0,0,100,100,100,100,100,100,100,100,100,0,100,100,100,0,0,0,0,0
World,1961,3091841164,164.074,0.053,9417.463,30.529,0.33,3.046,0,0,4942.321,1.599,9417.463,3.046,0,2182.776,316232.281,246521.016,1071.386,11659.037,54553.266,0,0,0,86.219,0.028,881.794,0.285,0,0,0,0,0,0,3313.835,1.072,0,0,0,100,100,100,100,100,100,100,100,100,0,100,100,100,0,0,0,0,0
World,1962,3150418411,176.305,0.056,9750.057,332.594,3.53,3.095,0,0,4927.904,1.564,9750.057,3.095,0,2359.081,325982.312,251448.922,1157.317,12626.49,58115.449,0,0,0,85.931,0.027,967.453,0.307,0,0,0,0,0,0,3562.187,1.131,0,0,0,100,100,100,100,100,100,100,100,100,0,100,100,100,0,0,0,0,0
World,1963,3210998568,185.937,0.058,10271.524,521.468,5.35,3.199,0,0,5109.242,1.591,10271.524,3.199,0,2545.018,336253.844,256558.172,1247.823,13673.102,61922.926,0,0,0,90.506,0.028,1046.612,0.326,0,0,0,0,0,0,3807.477,1.186,0,0,0,100,100,100,100,100,100,100,100,100,0,100,100,100,0,0,0,0,0
World,1964,3273975941,206.118,0.063,10828.857,557.333,5.43,3.308,0,0,5214.544,1.593,10828.857,3.308,0,2751.136,347082.719,261772.703,1360.615,14825.735,66030.711,0,0,0,112.792,0.034,1152.633,0.352,0,0,0,0,0,0,4107.79,1.255,0,0,0,100,100,100,100,100,100,100,100,100,0,100,100,100,0,0,0,0,0
World,1965,3339581141,216.412,0.065,11317.233,488.375,4.51,3.389,0,0.262,5292.818,1.585,11317.232,3.389,0,2967.548,358399.938,267065.531,1491.058,16056.062,70443.414,0,12965.972,0,130.443,0.039,1230.327,0.368,0,0,0,0,0,0,4412.701,1.321,0,0,43300.914,100,100,100,100,100,100,100,100,100,0,100,100,100,0,0,0,0,0
World,1966,3407920214,233.003,0.068,11865.861,548.628,4.85,3.482,0,0.261,5350.565,1.57,11865.861,3.482,0,3200.551,370265.812,272416.094,1635.624,17395.666,75205.32,0,13384.064,0,144.566,0.042,1339.604,0.393,0,0,0,0,0,0,4761.902,1.397,0,0,45611.824,100,100,100,100,100,100,100,100,100,0,100,100,100,0,0,0,0,0
World,1967,3478767732,239.903,0.069,12243.046,377.184,3.18,3.519,0,0.26,5265.495,1.514,12243.045,3.519,0,3440.453,382508.844,277681.594,1826.407,18828.365,80282.289,0,13605.118,0,190.783,0.055,1432.699,0.412,0,0,0,0,0,0,5076.966,1.459,0,0,47329.047,100,100,100,100,100,100,100,100,100,0,100,100,100,0,0,0,0,0
World,1968,3551597047,255.443,0.072,12909.912,666.867,5.45,3.635,0,0.258,5322.695,1.499,12909.912,3.635,0,3695.896,395418.75,283004.281,2030.207,20387.682,85812.352,0,14132.395,0,203.8,0.057,1559.316,0.439,0,0,0,0,0,0,5530.065,1.557,0,0,50192.57,100,100,100,100,100,100,100,100,100,0,100,100,100,0,0,0,0,0
World,1969,3625678569,270.887,0.075,13766.57,856.658,6.64,3.797,0,0.258,5521.405,1.523,13766.571,3.797,0,3966.783,409185.344,288525.688,2274.242,22095.936,91792.633,0,14772.333,0,244.035,0.067,1708.254,0.471,0,0,0,0,0,0,5980.282,1.649,0,0,53559.73,100,100,100,100,100,100,100,100,100,0,100,100,100,0,0,0,0,0
World,1970,3700683309,288.599,0.078,14897.567,1130.996,8.22,4.026,0.683,0.263,5696.011,1.539,14897.566,4.026,0.683,4255.382,424082.906,294221.719,2551.987,23886.301,98593.125,0,15393.696,2.611,277.745,0.075,1790.365,0.484,0,0,0,0,0,0,6800.497,1.838,0,0,56967.195,100,100,100,100,100,100,100,100,100,0,100,100,100,0,0,0,0,0
World,1971,3775757662,297.799,0.079,15498.267,600.7,4.03,4.105,0,0.262,5699.522,1.51,15498.267,4.105,0,4553.182,439581.188,299921.219,2873.385,25819.311,105795,0,15703.602,0,321.398,0.085,1933.011,0.512,0,0,0,0,0,0,7201.875,1.907,0,0,59292.992,100,100,100,100,100,100,100,100,100,0,100,100,100,0,0,0,0,0
World,1972,3851648168,315.8,0.082,16221.152,722.886,4.66,4.212,0,0.261,5693.35,1.478,16221.152,4.212,0,4868.981,455802.312,305614.594,3220.224,27871.004,113560.406,0,16218.877,0,346.839,0.09,2051.693,0.533,0,0,0,0,0,0,7765.398,2.016,0,0,62469.406,100,100,100,100,100,100,100,100,100,0,100,100,100,0,0,0,0,0
World,1973,3927778049,334.598,0.085,17078.793,857.64,5.29,4.348,0,0.259,5853.792,1.49,17078.793,4.348,0,5203.579,472881.094,311468.344,3622.336,30004.887,121863.188,0,16835.191,0,402.112,0.102,2133.882,0.543,0,0,0,0,0,0,8302.782,2.114,0,0,66124.898,100,100,100,100,100,100,100,100,100,0,100,100,100,0,0,0,0,0
World,1974,4003791659,334.856,0.084,17009.594,-69.198,-0.41,4.248,0,0.257,5866.041,1.465,17009.594,4.248,0,5538.435,489890.719,317334.375,4013.652,32184.381,130048.688,0,16616.189,0,391.315,0.098,2179.496,0.544,0,0,0,0,0,0,8185.5,2.044,0,0,66527.758,100,100,100,100,100,100,100,100,100,0,100,100,100,0,0,0,0,0
World,1975,4079477833,333.111,0.082,17046.498,36.903,0.22,4.179,0,0.256,6009.966,1.473,17046.498,4.179,0,5871.546,506937.219,323344.375,4350.299,34389.379,138163.297,0,16387.75,0,336.647,0.083,2204.997,0.54,0,0,0,0,0,0,8114.606,1.989,0,0,66853.461,100,100,100,100,100,100,100,100,100,0,100,100,100,0,0,0,0,0
World,1976,4154664138,347.619,0.084,17983.973,937.476,5.5,4.329,0,0.257,6292.416,1.515,17983.973,4.329,0,6219.166,524921.188,329636.781,4745.659,36734.945,146716.281,0,16950.248,0,395.36,0.095,2345.567,0.565,0,0,0,0,0,0,8552.994,2.059,0,0,70422.586,100,100,100,100,100,100,100,100,100,0,100,100,100,0,0,0,0,0
World,1977,4229503102,364.228,0.086,18494.531,510.558,2.84,4.373,0,0.254,6429.696,1.52,18494.531,4.373,0,6583.393,543415.688,336066.469,5127.067,39126.141,155594.609,0,17262.406,0,381.408,0.09,2391.193,0.565,0,0,0,0,0,0,8878.314,2.099,0,0,73011.398,100,100,100,100,100,100,100,100,100,0,100,100,100,0,0,0,0,0
World,1978,4304530705,386.881,0.09,19067.768,573.236,3.1,4.43,0,0.252,6597.322,1.533,19067.768,4.43,0,6970.273,562483.5,342663.781,5517.183,41619.918,164743.203,0,17648.195,0,390.116,0.091,2493.778,0.579,0,0,0,0,0,0,9148.596,2.125,0,0,75967.195,100,100,100,100,100,100,100,100,100,0,100,100,100,0,0,0,0,0
World,1979,4380503169,392.617,0.09,19610.018,542.251,2.84,4.477,0,0.251,6856.755,1.565,19610.018,4.477,0,7362.891,582093.5,349520.562,5877.294,44263.859,174047.328,0,17937.697,0,360.111,0.082,2643.942,0.604,0,0,0,0,0,0,9304.128,2.124,0,0,78576.141,100,100,100,100,100,100,100,100,100,0,100,100,100,0,0,0,0,0
World,1980,4458271909,395.544,0.089,19492.613,-117.404,-0.6,4.372,0.611,0.251,7054.757,1.582,19492.613,4.372,0.611,7758.435,601586.125,356575.312,6193.711,46981.395,183007.484,0,17480.592,2.445,316.417,0.071,2717.534,0.609,0,0,0,0,0,0,8960.159,2.01,0,0,77933.234,100,100,100,100,100,100,100,100,100,0,100,100,100,0,0,0,0,0
World,1981,4536993517,395.09,0.087,19026.91,-465.703,-2.39,4.194,0,0.246,7037.761,1.551,19026.908,4.194,0,8153.524,620613,363613.062,6430.933,49743.793,191555.25,0,17105.078,0,237.222,0.052,2762.399,0.609,0,0,0,0,0,0,8547.768,1.884,0,0,77605.633,100,100,100,100,100,100,100,100,100,0,100,100,100,0,0,0,0,0
World,1982,4617383407,393.739,0.085,18875.76,-151.15,-0.79,4.088,0,0.246,7160.349,1.551,18875.76,4.088,0,8547.263,639488.75,370773.438,6666.643,52444.852,199895.141,0,16715.213,0,235.711,0.051,2701.06,0.585,0,0,0,0,0,0,8339.888,1.806,0,0,77180.547,100,100,100,100,100,100,100,100,100,0,100,100,100,0,0,0,0,0
World,1983,4699566001,402.792,0.086,18998.031,122.271,0.65,4.043,0,0.243,7355.719,1.565,18998.033,4.043,0,8950.056,658486.812,378129.156,6879.704,55177.598,208140.578,0,16688.812,0,213.061,0.045,2732.747,0.581,0,0,0,0,0,0,8245.443,1.755,0,0,78430.172,100,100,100,100,100,100,100,100,100,0,100,100,100,0,0,0,0,0
World,1984,4784008388,411.254,0.086,19656.717,658.685,3.47,4.109,0,0.24,7704.374,1.61,19656.717,4.109,0,9361.31,678143.5,385833.531,7066.744,58147.703,216472.281,0,17176.908,0,187.04,0.039,2970.106,0.621,0,0,0,0,0,0,8331.707,1.742,0,0,82174.477,100,100,100,100,100,100,100,100,100,0,100,100,100,0,0,0,0,0
World,1985,4870918289,416.418,0.086,20317.484,660.767,3.36,4.171,0,0.242,8247.091,1.693,20317.482,4.171,0,9777.729,698461,394080.625,7248.552,61231.988,224804.891,0,17306.252,0,181.808,0.037,3084.283,0.633,0,0,0,0,0,0,8332.611,1.711,0,0,84297.336,100,100,100,100,100,100,100,100,100,0,100,100,100,0,0,0,0,0
World,1986,4960564349,434.335,0.088,20619.623,302.14,1.49,4.157,0,0.24,8347.767,1.683,20619.625,4.157,0,10212.063,719080.625,402428.375,7418.654,64255.648,233389.016,0,17373.805,0,170.102,0.034,3023.662,0.609,0,0,0,0,0,0,8584.108,1.73,0,0,86183.875,100,100,100,100,100,100,100,100,100,0,100,100,100,0,0,0,0,0
World,1987,5052517989,453.245,0.09,21266.195,646.571,3.14,4.209,0,0.24,8637.352,1.709,21266.195,4.209,0,10665.309,740346.812,411065.719,7582.167,67526.562,242055.781,0,17652.521,0,163.513,0.032,3270.912,0.647,0,0,0,0,0,0,8666.768,1.715,0,0,89189.68,100,100,100,100,100,100,100,100,100,0,100,100,100,0,0,0,0,0
World,1988,5145421521,479.306,0.093,22101.4,835.205,3.93,4.295,0,0.24,8932.729,1.736,22101.4,4.295,0,11144.614,762448.25,419998.469,7768.3,70961.969,251034.438,0,17988.893,0,186.134,0.036,3435.405,0.668,0,0,0,0,0,0,8978.664,1.745,0,0,92560.438,100,100,100,100,100,100,100,100,100,0,100,100,100,0,0,0,0,0
World,1989,5237436415,492.06,0.094,22406.832,305.433,1.38,4.278,0,0.238,8956.528,1.71,22406.832,4.278,0,11636.674,784855.062,428954.969,7919.723,74544.414,260172.109,0,18015.348,0,151.422,0.029,3582.448,0.684,0,0,0,0,0,0,9137.664,1.745,0,0,94354.234,100,100,100,100,100,100,100,100,100,0,100,100,100,0,0,0,0,0
World,1990,5327523652,499.175,0.094,22749.574,342.742,1.53,4.27,0.529,0.239,8714.693,1.636,22749.574,4.27,0.529,12135.85,807604.625,437669.688,8172.802,78385.914,269390.375,222.871,17930.898,2.221,253.079,0.047,3841.498,0.721,5.746,6.105,6909.03,1.297,2368.97,0.445,9218.259,1.73,0.042,222.871,95527.289,100,100,100,100,100,100,100,100,100,12.05,100,100,100,100,32523.58,30614.25,0,0
World,1991,5414283749,512.582,0.095,23238.102,488.528,2.15,4.292,0,0.243,8632.497,1.594,23238.104,4.292,0,12648.431,830842.75,446302.156,8440.529,82304.992,279081.219,438.224,17770.549,0,267.727,0.049,3919.079,0.724,5.681,6.034,6918.61,1.278,2356.09,0.435,9690.863,1.79,0.04,215.353,96214.797,100,100,100,100,100,100,100,100,100,21.22,100,100,100,100,32670.51,30761.18,0,0
World,1992,5498914070,534.352,0.097,22569.625,-668.478,-2.88,4.104,0,0.234,8432.359,1.533,22569.623,4.104,0,13182.783,853412.375,454734.531,8677.801,86267.797,288268.344,653.928,17607.145,0,237.271,0.043,3962.802,0.721,5.579,5.926,6895.23,1.254,2348.92,0.427,9187.136,1.671,0.039,215.703,96820.18,100,100,100,100,100,100,100,100,100,28.67,100,100,100,100,32588.09,30678.77,0,0
World,1993,5581591553,555.907,0.1,22803.496,233.871,1.04,4.085,0,0.235,8530.223,1.528,22803.494,4.085,0,13738.69,876215.875,463264.75,8911.32,90337.906,297467.031,868.994,17482.621,0,233.52,0.042,4070.111,0.729,5.522,5.864,6914.18,1.239,2332.62,0.418,9198.668,1.648,0.038,215.066,97580.852,100,100,100,100,100,100,100,100,100,34.81,100,100,100,100,32729.061,30819.73,0,0
World,1994,5663144159,592.506,0.105,22964.584,161.088,0.71,4.055,0,0.234,8578.204,1.515,22964.582,4.055,0,14331.197,899180.438,471842.938,9148.346,94444.555,306701.969,1084.27,17450.787,0,237.025,0.042,4106.646,0.725,5.493,5.83,6958.84,1.229,2424.1,0.428,9234.925,1.631,0.038,215.276,98826.328,100,100,100,100,100,100,100,100,100,39.99,100,100,100,100,33015.039,31105.68,0,0
World,1995,5744206433,626.551,0.109,23453.945,489.361,2.13,4.083,0,0.233,8823.057,1.536,23453.943,4.083,0,14957.748,922634.375,480666.031,9383.41,98659.609,316033.812,1306.619,17591.467,0,235.064,0.041,4215.056,0.734,5.552,5.885,7032.09,1.224,2479.91,0.432,9331.868,1.625,0.039,222.349,101049.016,100,100,100,100,100,100,100,100,100,44.54,100,100,100,100,33805.609,31890.42,0,0
World,1996,5824885327,639.058,0.11,24154.961,701.017,2.99,4.147,0,0.234,9048.362,1.553,24154.961,4.147,0,15596.806,946789.375,489714.375,9620.669,103061.422,325641.625,1527.292,17844.576,0,237.259,0.041,4401.812,0.756,5.574,5.868,7037.11,1.208,2493.52,0.428,9607.797,1.649,0.038,220.672,103942.609,100,100,100,100,100,100,100,100,100,48.42,100,100,100,100,34179.328,32467.961,0,0
World,1997,5905038800,658.857,0.112,24300.551,145.589,0.6,4.115,0,0.233,8999.357,1.524,24300.551,4.115,0,16255.663,971089.875,498713.719,9863.531,107478.5,335401.781,1749.522,17780.99,0,242.863,0.041,4417.083,0.748,5.564,6.018,7268.6,1.231,2480.57,0.42,9760.159,1.653,0.038,222.23,104997.438,100,100,100,100,100,100,100,100,100,51.81,100,100,100,100,35537.18,32855.852,0,0
World,1998,5984787103,654.332,0.109,24206.271,-94.279,-0.39,4.045,0,0.23,8761.669,1.464,24206.27,4.045,0,16909.994,995296.125,507475.406,10095.008,111967.844,345252.125,1968.615,17656.838,0,231.477,0.039,4489.34,0.75,5.529,5.865,7159.87,1.196,2510.94,0.42,9850.361,1.646,0.037,219.093,105672.414,100,100,100,100,100,100,100,100,100,54.75,100,100,100,100,35099.211,33088.07,0,0
World,1999,6064231861,685.077,0.113,24518.963,312.691,1.29,4.043,0,0.229,8694.8,1.434,24518.963,4.043,0,17595.072,1019815.125,516170.219,10318.922,116590.484,355327.125,2186.159,17729.014,0,223.914,0.037,4622.641,0.762,5.488,5.788,7112.04,1.173,2498.22,0.412,10074.987,1.661,0.036,217.544,107512.852,100,100,100,100,100,100,100,100,100,57.33,100,100,100,100,35101.898,33282.051,0,0
World,2000,6143769179,717.654,0.117,25234.207,715.245,2.92,4.107,0.421,0.23,9012.492,1.467,25234.207,4.107,0.421,18312.727,1045049.312,525182.688,10588.572,121325.328,365611.719,2401.126,17944.182,1.842,269.65,0.044,4734.842,0.771,5.561,5.833,7124,1.16,2490.42,0.405,10284.601,1.674,0.035,214.967,110244.914,100,100,100,100,100,100,100,100,100,59.61,100,100,100,100,35835.48,34164.52,0,0
World,2001,6222904741,747.881,0.12,25451.055,216.847,0.86,4.09,0,0.23,9062.812,1.456,25451.055,4.09,0,19060.607,1070500.375,534245.5,10860.396,126108.047,375986.156,2612.507,17888.955,0,271.823,0.044,4782.719,0.769,5.551,5.766,7062.72,1.135,2512.18,0.404,10374.439,1.667,0.034,211.381,111321.266,100,100,100,100,100,100,100,100,100,61.62,100,100,100,100,35884.07,34545.852,0,0
World,2002,6302054198,788.755,0.125,26039.191,588.137,2.31,4.132,0,0.23,9455.516,1.5,26039.191,4.132,0,19849.361,1096539.625,543701.062,11147.292,131031.531,386355.906,2827.292,18051.168,0,286.896,0.045,4923.49,0.781,5.552,5.846,7199.6,1.142,2570.02,0.408,10369.75,1.645,0.034,214.785,113759.438,100,100,100,100,100,100,100,100,100,63.47,100,100,100,100,36839.691,34986.57,0,0
World,2003,6381469104,847.688,0.133,27366.723,1327.532,5.1,4.288,0,0.234,10250.968,1.606,27366.723,4.288,0,20697.049,1123906.375,553952,11435.618,136127.922,397019.844,3046.709,18460.09,0,288.326,0.045,5096.389,0.799,5.682,5.924,7262.51,1.138,2604.75,0.408,10663.936,1.671,0.034,219.417,117802.492,100,100,100,100,100,100,100,100,100,65.19,100,100,100,100,37803.859,36258.309,0,0
World,2004,6461446384,906.844,0.14,28627.533,1260.81,4.61,4.431,0,0.233,10897.003,1.686,28627.533,4.431,0,21603.893,1152533.75,564849,11746.857,141395.5,408034.625,3276.781,19129.309,0,311.24,0.048,5267.579,0.815,5.842,6.137,7505.18,1.162,2687.85,0.416,11014.798,1.705,0.036,230.071,123603.008,100,100,100,100,100,100,100,100,100,66.82,100,100,100,100,39655.309,37746,0,0
World,2005,6542196639,960.272,0.147,29602.777,975.244,3.41,4.525,0,0.233,11570.086,1.768,29602.777,4.525,0,22564.166,1182136.625,576419.062,12078.985,146789.609,419139.812,3517.806,19498.791,0,332.128,0.051,5394.105,0.825,5.952,6.201,7556.28,1.155,2701.33,0.413,11105.161,1.697,0.037,241.025,127564.922,100,100,100,100,100,100,100,100,100,68.37,100,100,100,100,40569.328,38937.988,0,0
World,2006,6623810558,1047.467,0.158,30583.529,980.753,3.31,4.617,0,0.235,12222.242,1.845,30583.529,4.617,0,23611.633,1212720.125,588641.312,12412.482,152309.031,430348.906,3769.636,19805.977,0,333.497,0.05,5519.419,0.833,6.049,6.352,7749.95,1.17,2733.12,0.413,11209.074,1.692,0.038,251.83,131191.031,100,100,100,100,100,100,100,100,100,69.85,100,100,100,100,42072.129,40066.988,0,0
World,2007,6706242339,1122.72,0.167,31493.742,910.211,2.98,4.696,0,0.234,12811.338,1.91,31493.742,4.696,0,24734.352,1244213.875,601452.625,12760.904,158014.812,441595.344,4028.673,20168.291,0,348.422,0.052,5705.789,0.851,6.171,6.391,7729.96,1.153,2802.95,0.418,11246.437,1.677,0.039,259.037,135253.453,100,100,100,100,100,100,100,100,100,71.23,100,100,100,100,42858.961,41387.309,0,0
World,2008,6789387331,1138.771,0.168,32069.443,575.702,1.83,4.723,0,0.236,13234.705,1.949,32069.443,4.723,0,25873.123,1276283.375,614687.375,13123.334,163887.344,452797.188,4287.802,20151.041,0,362.43,0.053,5872.526,0.865,6.143,6.354,7782.22,1.146,2775.36,0.409,11201.883,1.65,0.038,259.129,136813.219,100,100,100,100,100,100,100,100,100,72.49,100,100,100,100,43139.102,41706.172,0,0
World,2009,6873068664,1170.486,0.17,31607.043,-462.402,-1.44,4.599,0,0.236,13067.147,1.901,31607.041,4.599,0,27043.609,1307890.375,627754.562,13490.884,169647.422,463796.469,4530.33,19602.229,0,367.55,0.054,5760.081,0.838,6.004,6.269,7812.91,1.137,2769.55,0.403,10999.251,1.6,0.035,242.528,134727.469,100,100,100,100,100,100,100,100,100,73.57,100,100,100,100,43089.449,41264.328,0,0
World,2010,6957128214,1247.674,0.179,33343.301,1736.258,5.49,4.793,0.371,0.237,13970.831,2.008,33343.301,4.793,0.371,28291.283,1341233.75,641725.375,13857.972,175853.219,475103.219,4775.443,20309.99,1.573,367.088,0.053,6205.8,0.892,6.236,6.451,7909.88,1.137,2845.37,0.409,11306.793,1.625,0.035,245.114,141299.203,100,100,100,100,100,100,100,100,100,74.59,100,100,100,100,44877.512,43387.309,0,0
World,2011,7041500268,1343.288,0.191,34468.449,1125.151,3.37,4.895,0,0.24,14781.225,2.099,34468.449,4.895,0,29634.572,1375702.125,656506.562,14212.274,182231.141,486440.469,5049.953,20548.725,0,354.303,0.05,6377.916,0.906,6.339,6.397,8050.43,1.143,2914.6,0.414,11337.211,1.61,0.039,274.509,144693.844,100,100,100,100,100,100,100,100,100,75.63,100,100,100,100,45041.809,44637.129,0,0
World,2012,7126135142,1377.854,0.193,34974.074,505.624,1.47,4.908,0,0.24,14949.697,2.098,34974.078,4.908,0,31012.426,1410676.125,671456.312,14576.68,188738.672,497939.562,5325.422,20588.369,0,364.405,0.051,6507.532,0.913,6.338,6.399,8141.11,1.142,2937.79,0.412,11499.118,1.614,0.039,275.469,146715.5,100,100,100,100,100,100,100,100,100,76.6,100,100,100,100,45597.141,45164.5,0,0
World,2013,7210890646,1438.774,0.199,35283.027,308.95,0.88,4.893,0,0.238,15042.88,2.086,35283.027,4.893,0,32451.199,1445959.125,686499.188,14946.528,195290.984,509525.594,5618.622,20707.947,0,369.849,0.051,6552.317,0.909,6.358,6.412,8109.3,1.125,2918.25,0.405,11586.006,1.607,0.041,293.2,149322.75,100,100,100,100,100,100,100,100,100,77.54,100,100,100,100,46238.609,45850.352,0,0
World,2014,7295600711,1493.853,0.205,35534.441,251.418,0.71,4.871,0,0.237,15062.902,2.065,35534.441,4.871,0,33945.051,1481493.75,701562,15327.991,201951.125,521157.812,5922.479,20694.379,0,381.463,0.052,6660.134,0.913,6.325,6.426,8266.81,1.133,2963.01,0.406,11632.233,1.594,0.042,303.858,150977.922,100,100,100,100,100,100,100,100,100,78.45,100,100,100,100,46881.781,46143.84,0,0
World,2015,7380108068,1437.305,0.195,35496.406,-38.037,-0.11,4.81,0,0.235,14718.202,1.994,35496.406,4.81,0,35382.355,1516990.125,716280.25,15700.355,208737.062,533038.938,6223.949,20631.215,0,372.364,0.051,6785.935,0.919,6.245,6.351,8315.91,1.127,2995.51,0.406,11881.131,1.61,0.041,301.47,152260.594,100,100,100,100,100,100,100,100,100,79.27,100,100,100,100,46871.77,46085.309,0,0
World,2016,7464334587,1478.758,0.198,35452.461,-43.947,-0.12,4.75,0.331,0.231,14360.628,1.924,35452.461,4.75,0.331,36861.113,1552442.625,730640.875,16088.047,215704.391,544998.188,6522.779,20687.549,1.441,387.691,0.052,6967.333,0.933,6.198,6.368,8227.18,1.102,3027.26,0.406,11959.219,1.602,0.04,298.83,154418.781,100,100,100,100,100,100,100,100,100,80.03,100,100,100,100,47531.68,46264.07,0,0
World,2017,7548172666,1500.493,0.199,35925.738,473.278,1.33,4.76,0.325,0.23,14453.702,1.915,35925.738,4.76,0.325,38361.605,1588368.25,745094.562,16510.902,222821.406,557128.938,6823.651,20853.57,1.425,422.856,0.056,7117.014,0.943,6.231,6.393,8333.4,1.104,3087.4,0.409,12130.801,1.607,0.04,300.871,157406.344,100,100,100,100,100,100,100,100,100,80.75,100,100,100,100,48251.879,47031.82,0,0
World,2018,7631081269,1566.74,0.205,36646.141,720.402,2.01,4.802,0.322,0.229,14718.146,1.929,36646.137,4.802,0.322,39928.348,1625014.375,759812.688,16923.121,230278.969,569319,7125.062,21199.174,1.424,412.217,0.054,7457.572,0.977,6.288,6.469,8489.97,1.113,3072.53,0.403,12190.055,1.597,0.04,301.411,161772.625,100,100,100,100,100,100,100,100,100,81.41,100,100,100,100,49368.039,47980.469,0,0
World,2019,7713458496,1608.472,0.208,36702.504,56.363,0.15,4.758,0,0.227,14573.22,1.889,36702.504,4.758,0,41536.82,1661716.875,774385.938,17357.715,237832.375,581548.625,7428.242,21154.447,0,434.596,0.056,7553.394,0.979,6.238,6.451,8609.92,1.116,3096.79,0.401,12229.642,1.586,0.039,303.181,163173.953,100,100,100,100,100,100,100,100,100,82.03,100,100,100,100,49758.23,48116.559,0,0
World,2020,7794788860,1626.371,0.209,34807.258,-1895.244,-5.16,4.465,0,0.225,13976.099,1.793,34807.258,4.465,0,43163.191,1696524.125,788362.062,17792.75,245231.875,592621.125,7725.988,20099.318,0,435.034,0.056,7399.509,0.949,0,0,0,0,0,0,11072.501,1.421,0.038,297.746,156669.938,100,100,100,100,100,100,100,100,100,82.6,100,100,100,100,0,0,0,0
